name,url,duration,remote_testing,adaptive_irt,test_type,combined_text
Administrative Professional - Short Form,https://www.shl.com/products/product-catalog/view/administrative-professional-short-form/,,Yes,Yes,"A, K, P","Assessment Name: Administrative Professional - Short Form. Test Type: A, K, P. Remote Testing: Yes. Adaptive: Yes"
Apprentice + 8.0 Job Focused Assessment,https://www.shl.com/products/product-catalog/view/apprentice-8-0-job-focused-assessment-4261/,,Yes,No,"B, P","Assessment Name: Apprentice + 8.0 Job Focused Assessment. Test Type: B, P. Remote Testing: Yes. Adaptive: No"
Apprentice 8.0 Job Focused Assessment,https://www.shl.com/products/product-catalog/view/apprentice-8-0-job-focused-assessment/,,Yes,No,"B, P","Assessment Name: Apprentice 8.0 Job Focused Assessment. Test Type: B, P. Remote Testing: Yes. Adaptive: No"
Bank Administrative Assistant - Short Form,https://www.shl.com/products/product-catalog/view/bank-administrative-assistant-short-form/,,Yes,No,"A, B, K, P","Assessment Name: Bank Administrative Assistant - Short Form. Test Type: A, B, K, P. Remote Testing: Yes. Adaptive: No"
Bank Collections Agent - Short Form,https://www.shl.com/products/product-catalog/view/bank-collections-agent-short-form/,,Yes,No,"A, B, P","Assessment Name: Bank Collections Agent - Short Form. Test Type: A, B, P. Remote Testing: Yes. Adaptive: No"
Bank Operations Supervisor - Short Form,https://www.shl.com/products/product-catalog/view/bank-operations-supervisor-short-form/,,Yes,Yes,"A, B, P, S","Assessment Name: Bank Operations Supervisor - Short Form. Test Type: A, B, P, S. Remote Testing: Yes. Adaptive: Yes"
"Bookkeeping, Accounting, Auditing Clerk Short Form",https://www.shl.com/products/product-catalog/view/bookkeeping-accounting-auditing-clerk-short-form/,,Yes,Yes,"P, S, K, B, A","Assessment Name: Bookkeeping, Accounting, Auditing Clerk Short Form. Test Type: P, S, K, B, A. Remote Testing: Yes. Adaptive: Yes"
Branch Manager - Short Form,https://www.shl.com/products/product-catalog/view/branch-manager-short-form/,,Yes,No,"A, B, P","Assessment Name: Branch Manager - Short Form. Test Type: A, B, P. Remote Testing: Yes. Adaptive: No"
Adobe Experience Manager (New),https://www.shl.com/products/product-catalog/view/adobe-experience-manager-new/,,Yes,No,K,Assessment Name: Adobe Experience Manager (New). Test Type: K. Remote Testing: Yes. Adaptive: No
Adobe Photoshop CC,https://www.shl.com/products/product-catalog/view/adobe-photoshop-cc/,,Yes,Yes,K,Assessment Name: Adobe Photoshop CC. Test Type: K. Remote Testing: Yes. Adaptive: Yes
Aeronautical Engineering (New),https://www.shl.com/products/product-catalog/view/aeronautical-engineering-new/,,Yes,No,K,Assessment Name: Aeronautical Engineering (New). Test Type: K. Remote Testing: Yes. Adaptive: No
Aerospace Engineering (New),https://www.shl.com/products/product-catalog/view/aerospace-engineering-new/,,Yes,No,K,Assessment Name: Aerospace Engineering (New). Test Type: K. Remote Testing: Yes. Adaptive: No
Agile Software Development,https://www.shl.com/products/product-catalog/view/agile-software-development/,,Yes,No,K,Assessment Name: Agile Software Development. Test Type: K. Remote Testing: Yes. Adaptive: No
Agile Testing (New),https://www.shl.com/products/product-catalog/view/agile-testing-new/,,Yes,No,K,Assessment Name: Agile Testing (New). Test Type: K. Remote Testing: Yes. Adaptive: No
AI Skills,https://www.shl.com/products/product-catalog/view/ai-skills/,,Yes,No,P,Assessment Name: AI Skills. Test Type: P. Remote Testing: Yes. Adaptive: No
Amazon Web Services (AWS) Development (New),https://www.shl.com/products/product-catalog/view/amazon-web-services-aws-development-new/,,Yes,No,K,Assessment Name: Amazon Web Services (AWS) Development (New). Test Type: K. Remote Testing: Yes. Adaptive: No
Android Development (New),https://www.shl.com/products/product-catalog/view/android-development-new/,,Yes,No,K,Assessment Name: Android Development (New). Test Type: K. Remote Testing: Yes. Adaptive: No
Angular 6 (New),https://www.shl.com/products/product-catalog/view/angular-6-new/,,Yes,No,K,Assessment Name: Angular 6 (New). Test Type: K. Remote Testing: Yes. Adaptive: No
AngularJS (New),https://www.shl.com/products/product-catalog/view/angularjs-new/,,Yes,No,K,Assessment Name: AngularJS (New). Test Type: K. Remote Testing: Yes. Adaptive: No
Apache Hadoop (New),https://www.shl.com/products/product-catalog/view/apache-hadoop-new/,,Yes,No,K,Assessment Name: Apache Hadoop (New). Test Type: K. Remote Testing: Yes. Adaptive: No
Apache Hadoop Extensions (New),https://www.shl.com/products/product-catalog/view/apache-hadoop-extensions-new/,,Yes,No,K,Assessment Name: Apache Hadoop Extensions (New). Test Type: K. Remote Testing: Yes. Adaptive: No
Apache HBase (New),https://www.shl.com/products/product-catalog/view/apache-hbase-new/,,Yes,No,K,Assessment Name: Apache HBase (New). Test Type: K. Remote Testing: Yes. Adaptive: No
Apache Hive (New),https://www.shl.com/products/product-catalog/view/apache-hive-new/,,Yes,No,K,Assessment Name: Apache Hive (New). Test Type: K. Remote Testing: Yes. Adaptive: No
Apache Kafka (New),https://www.shl.com/products/product-catalog/view/apache-kafka-new/,,Yes,No,K,Assessment Name: Apache Kafka (New). Test Type: K. Remote Testing: Yes. Adaptive: No
Apache Pig (New),https://www.shl.com/products/product-catalog/view/apache-pig-new/,,Yes,No,K,Assessment Name: Apache Pig (New). Test Type: K. Remote Testing: Yes. Adaptive: No
Apache Spark (New),https://www.shl.com/products/product-catalog/view/apache-spark-new/,,Yes,No,K,Assessment Name: Apache Spark (New). Test Type: K. Remote Testing: Yes. Adaptive: No
ASP .NET with C# (New),https://www.shl.com/products/product-catalog/view/asp-net-with-c-new/,,Yes,No,K,Assessment Name: ASP .NET with C# (New). Test Type: K. Remote Testing: Yes. Adaptive: No
ASP.NET 4.5,https://www.shl.com/products/product-catalog/view/asp-net-4-5/,,Yes,Yes,K,Assessment Name: ASP.NET 4.5. Test Type: K. Remote Testing: Yes. Adaptive: Yes
Assessment and Development Center Exercises,https://www.shl.com/products/product-catalog/view/assessment-and-development-center-exercises/,,Yes,No,E,Assessment Name: Assessment and Development Center Exercises. Test Type: E. Remote Testing: Yes. Adaptive: No
Automata - Fix (New),https://www.shl.com/products/product-catalog/view/automata-fix-new/,,Yes,No,S,Assessment Name: Automata - Fix (New). Test Type: S. Remote Testing: Yes. Adaptive: No
Automata - SQL (New),https://www.shl.com/products/product-catalog/view/automata-sql-new/,,Yes,No,S,Assessment Name: Automata - SQL (New). Test Type: S. Remote Testing: Yes. Adaptive: No
Automata (New),https://www.shl.com/products/product-catalog/view/automata-new/,,Yes,No,S,Assessment Name: Automata (New). Test Type: S. Remote Testing: Yes. Adaptive: No
Automata Data Science (New),https://www.shl.com/products/product-catalog/view/automata-data-science-new/,,Yes,No,S,Assessment Name: Automata Data Science (New). Test Type: S. Remote Testing: Yes. Adaptive: No
Automata Data Science Pro (New),https://www.shl.com/products/product-catalog/view/automata-data-science-pro-new/,,Yes,No,S,Assessment Name: Automata Data Science Pro (New). Test Type: S. Remote Testing: Yes. Adaptive: No
Automata Front End,https://www.shl.com/products/product-catalog/view/automata-front-end/,,Yes,No,S,Assessment Name: Automata Front End. Test Type: S. Remote Testing: Yes. Adaptive: No
Automata Pro (New),https://www.shl.com/products/product-catalog/view/automata-pro-new/,,Yes,No,S,Assessment Name: Automata Pro (New). Test Type: S. Remote Testing: Yes. Adaptive: No
Automata Selenium,https://www.shl.com/products/product-catalog/view/automata-selenium/,,Yes,No,S,Assessment Name: Automata Selenium. Test Type: S. Remote Testing: Yes. Adaptive: No
Automation Anywhere RPA Development (New),https://www.shl.com/products/product-catalog/view/automation-anywhere-rpa-development-new/,,Yes,No,K,Assessment Name: Automation Anywhere RPA Development (New). Test Type: K. Remote Testing: Yes. Adaptive: No
Automotive Engineering (New),https://www.shl.com/products/product-catalog/view/automotive-engineering-new/,,Yes,No,K,Assessment Name: Automotive Engineering (New). Test Type: K. Remote Testing: Yes. Adaptive: No
Basic Biology (New),https://www.shl.com/products/product-catalog/view/basic-biology-new/,,Yes,No,K,Assessment Name: Basic Biology (New). Test Type: K. Remote Testing: Yes. Adaptive: No
Basic Computer Literacy (Windows 10) (New),https://www.shl.com/products/product-catalog/view/basic-computer-literacy-windows-10-new/,,Yes,No,"S, K","Assessment Name: Basic Computer Literacy (Windows 10) (New). Test Type: S, K. Remote Testing: Yes. Adaptive: No"
Basic Statistics (New),https://www.shl.com/products/product-catalog/view/basic-statistics-new/,,Yes,No,K,Assessment Name: Basic Statistics (New). Test Type: K. Remote Testing: Yes. Adaptive: No
Biochemistry (New),https://www.shl.com/products/product-catalog/view/biochemistry-new/,,Yes,No,K,Assessment Name: Biochemistry (New). Test Type: K. Remote Testing: Yes. Adaptive: No
Biotech Lab Techniques (New),https://www.shl.com/products/product-catalog/view/biotech-lab-techniques-new/,,Yes,No,K,Assessment Name: Biotech Lab Techniques (New). Test Type: K. Remote Testing: Yes. Adaptive: No
BizTalk (New),https://www.shl.com/products/product-catalog/view/biztalk-new/,,Yes,No,K,Assessment Name: BizTalk (New). Test Type: K. Remote Testing: Yes. Adaptive: No
Business Communication (adaptive),https://www.shl.com/products/product-catalog/view/business-communication-adaptive/,,Yes,Yes,K,Assessment Name: Business Communication (adaptive). Test Type: K. Remote Testing: Yes. Adaptive: Yes
Business Communications,https://www.shl.com/products/product-catalog/view/business-communications/,,Yes,No,K,Assessment Name: Business Communications. Test Type: K. Remote Testing: Yes. Adaptive: No
C Programming (New),https://www.shl.com/products/product-catalog/view/c-programming-new/,,Yes,No,K,Assessment Name: C Programming (New). Test Type: K. Remote Testing: Yes. Adaptive: No
C# Programming (New),https://www.shl.com/products/product-catalog/view/c-programming-new-4039/,,Yes,No,K,Assessment Name: C# Programming (New). Test Type: K. Remote Testing: Yes. Adaptive: No
C++ Programming (New),https://www.shl.com/products/product-catalog/view/c-programming-new-4122/,,Yes,No,K,Assessment Name: C++ Programming (New). Test Type: K. Remote Testing: Yes. Adaptive: No
Cardiology and Diabetes Management (New),https://www.shl.com/products/product-catalog/view/cardiology-and-diabetes-management-new/,,Yes,No,K,Assessment Name: Cardiology and Diabetes Management (New). Test Type: K. Remote Testing: Yes. Adaptive: No
Ceramic Engineering (New),https://www.shl.com/products/product-catalog/view/ceramic-engineering-new/,,Yes,No,K,Assessment Name: Ceramic Engineering (New). Test Type: K. Remote Testing: Yes. Adaptive: No
Chemical Engineering (New),https://www.shl.com/products/product-catalog/view/chemical-engineering-new/,,Yes,No,K,Assessment Name: Chemical Engineering (New). Test Type: K. Remote Testing: Yes. Adaptive: No
Cisco AppDynamics (New),https://www.shl.com/products/product-catalog/view/cisco-appdynamics-new/,,Yes,No,K,Assessment Name: Cisco AppDynamics (New). Test Type: K. Remote Testing: Yes. Adaptive: No
Civil Engineering (New),https://www.shl.com/products/product-catalog/view/civil-engineering-new/,,Yes,No,K,Assessment Name: Civil Engineering (New). Test Type: K. Remote Testing: Yes. Adaptive: No
Cloud Computing (New),https://www.shl.com/products/product-catalog/view/cloud-computing-new/,,Yes,No,K,Assessment Name: Cloud Computing (New). Test Type: K. Remote Testing: Yes. Adaptive: No
COBOL Programming (New),https://www.shl.com/products/product-catalog/view/cobol-programming-new/,,Yes,No,K,Assessment Name: COBOL Programming (New). Test Type: K. Remote Testing: Yes. Adaptive: No
Computer Science (New),https://www.shl.com/products/product-catalog/view/computer-science-new/,,Yes,No,K,Assessment Name: Computer Science (New). Test Type: K. Remote Testing: Yes. Adaptive: No
Contact Center Call Simulation (New),https://www.shl.com/products/product-catalog/view/contact-center-call-simulation-new/,,Yes,No,S,Assessment Name: Contact Center Call Simulation (New). Test Type: S. Remote Testing: Yes. Adaptive: No
Conversational Multichat Simulation,https://www.shl.com/products/product-catalog/view/conversational-multichat-simulation/,,Yes,No,S,Assessment Name: Conversational Multichat Simulation. Test Type: S. Remote Testing: Yes. Adaptive: No
Core Java (Advanced Level) (New),https://www.shl.com/products/product-catalog/view/core-java-advanced-level-new/,,Yes,No,K,Assessment Name: Core Java (Advanced Level) (New). Test Type: K. Remote Testing: Yes. Adaptive: No
Core Java (Entry Level) (New),https://www.shl.com/products/product-catalog/view/core-java-entry-level-new/,,Yes,No,K,Assessment Name: Core Java (Entry Level) (New). Test Type: K. Remote Testing: Yes. Adaptive: No
Count Out The Money,https://www.shl.com/products/product-catalog/view/count-out-the-money/,,Yes,Yes,"K, S","Assessment Name: Count Out The Money. Test Type: K, S. Remote Testing: Yes. Adaptive: Yes"
CSS3 (New),https://www.shl.com/products/product-catalog/view/css3-new/,,Yes,No,K,Assessment Name: CSS3 (New). Test Type: K. Remote Testing: Yes. Adaptive: No
Culinary Skills (New),https://www.shl.com/products/product-catalog/view/culinary-skills-new/,,Yes,No,K,Assessment Name: Culinary Skills (New). Test Type: K. Remote Testing: Yes. Adaptive: No
Customer Service Phone Simulation,https://www.shl.com/products/product-catalog/view/customer-service-phone-simulation/,,Yes,No,"B, S","Assessment Name: Customer Service Phone Simulation. Test Type: B, S. Remote Testing: Yes. Adaptive: No"
Cyber Risk (New),https://www.shl.com/products/product-catalog/view/cyber-risk-new/,,Yes,No,K,Assessment Name: Cyber Risk (New). Test Type: K. Remote Testing: Yes. Adaptive: No
Data Entry (New),https://www.shl.com/products/product-catalog/view/data-entry-new/,,Yes,No,S,Assessment Name: Data Entry (New). Test Type: S. Remote Testing: Yes. Adaptive: No
Data Entry Alphanumeric Split Screen - US,https://www.shl.com/products/product-catalog/view/data-entry-alphanumeric-split-screen-us/,,Yes,No,K,Assessment Name: Data Entry Alphanumeric Split Screen - US. Test Type: K. Remote Testing: Yes. Adaptive: No
Data Entry Numeric Split Screen - US,https://www.shl.com/products/product-catalog/view/data-entry-numeric-split-screen-us/,,Yes,No,K,Assessment Name: Data Entry Numeric Split Screen - US. Test Type: K. Remote Testing: Yes. Adaptive: No
Data Entry Ten Key Split Screen,https://www.shl.com/products/product-catalog/view/data-entry-ten-key-split-screen/,,Yes,No,K,Assessment Name: Data Entry Ten Key Split Screen. Test Type: K. Remote Testing: Yes. Adaptive: No
Data Science (New),https://www.shl.com/products/product-catalog/view/data-science-new/,,Yes,No,K,Assessment Name: Data Science (New). Test Type: K. Remote Testing: Yes. Adaptive: No
Data Warehousing Concepts,https://www.shl.com/products/product-catalog/view/data-warehousing-concepts/,,Yes,Yes,K,Assessment Name: Data Warehousing Concepts. Test Type: K. Remote Testing: Yes. Adaptive: Yes
Dependability and Safety Instrument (DSI),https://www.shl.com/products/product-catalog/view/dependability-and-safety-instrument-dsi/,,Yes,No,P,Assessment Name: Dependability and Safety Instrument (DSI). Test Type: P. Remote Testing: Yes. Adaptive: No
Dermatology (New),https://www.shl.com/products/product-catalog/view/dermatology-new/,,Yes,No,K,Assessment Name: Dermatology (New). Test Type: K. Remote Testing: Yes. Adaptive: No
Desktop Support (New),https://www.shl.com/products/product-catalog/view/desktop-support-new/,,Yes,No,K,Assessment Name: Desktop Support (New). Test Type: K. Remote Testing: Yes. Adaptive: No
Digital Advertising (New),https://www.shl.com/products/product-catalog/view/digital-advertising-new/,,Yes,No,K,Assessment Name: Digital Advertising (New). Test Type: K. Remote Testing: Yes. Adaptive: No
Digital Readiness Development Report - IC,https://www.shl.com/products/product-catalog/view/digital-readiness-development-report/,,Yes,No,P,Assessment Name: Digital Readiness Development Report - IC. Test Type: P. Remote Testing: Yes. Adaptive: No
Digital Readiness Development Report - Manager,https://www.shl.com/products/product-catalog/view/digital-readiness-development-report-manager/,,Yes,No,P,Assessment Name: Digital Readiness Development Report - Manager. Test Type: P. Remote Testing: Yes. Adaptive: No
Docker (New),https://www.shl.com/products/product-catalog/view/docker-new/,,Yes,No,K,Assessment Name: Docker (New). Test Type: K. Remote Testing: Yes. Adaptive: No
Dojo (New),https://www.shl.com/products/product-catalog/view/dojo-new/,,Yes,No,K,Assessment Name: Dojo (New). Test Type: K. Remote Testing: Yes. Adaptive: No
Drupal (New),https://www.shl.com/products/product-catalog/view/drupal-new/,,Yes,No,K,Assessment Name: Drupal (New). Test Type: K. Remote Testing: Yes. Adaptive: No
DSI v1.1 Interpretation Report,https://www.shl.com/products/product-catalog/view/dsi-v1-1-interpretation-report/,,Yes,No,P,Assessment Name: DSI v1.1 Interpretation Report. Test Type: P. Remote Testing: Yes. Adaptive: No
Econometrics (New),https://www.shl.com/products/product-catalog/view/econometrics-new/,,Yes,No,K,Assessment Name: Econometrics (New). Test Type: K. Remote Testing: Yes. Adaptive: No
Economics (New),https://www.shl.com/products/product-catalog/view/economics-new/,,Yes,No,K,Assessment Name: Economics (New). Test Type: K. Remote Testing: Yes. Adaptive: No
Electrical and Electronics Engineering (New),https://www.shl.com/products/product-catalog/view/electrical-and-electronics-engineering-new/,,Yes,No,K,Assessment Name: Electrical and Electronics Engineering (New). Test Type: K. Remote Testing: Yes. Adaptive: No
Electrical Engineering (New),https://www.shl.com/products/product-catalog/view/electrical-engineering-new/,,Yes,No,K,Assessment Name: Electrical Engineering (New). Test Type: K. Remote Testing: Yes. Adaptive: No
Electronics & Telecommunications Engineering (New),https://www.shl.com/products/product-catalog/view/electronics-and-telecommunications-engineering-new/,,Yes,No,K,Assessment Name: Electronics & Telecommunications Engineering (New). Test Type: K. Remote Testing: Yes. Adaptive: No
Electronics and Embedded Systems Engineering (New),https://www.shl.com/products/product-catalog/view/electronics-and-embedded-systems-engineering-new/,,Yes,No,K,Assessment Name: Electronics and Embedded Systems Engineering (New). Test Type: K. Remote Testing: Yes. Adaptive: No
Electronics and Semiconductor Engineering (New),https://www.shl.com/products/product-catalog/view/electronics-and-semiconductor-engineering-new/,,Yes,No,K,Assessment Name: Electronics and Semiconductor Engineering (New). Test Type: K. Remote Testing: Yes. Adaptive: No
English Comprehension (New),https://www.shl.com/products/product-catalog/view/english-comprehension-new/,,Yes,No,K,Assessment Name: English Comprehension (New). Test Type: K. Remote Testing: Yes. Adaptive: No
Enterprise Java Beans (New),https://www.shl.com/products/product-catalog/view/enterprise-java-beans-new/,,Yes,No,K,Assessment Name: Enterprise Java Beans (New). Test Type: K. Remote Testing: Yes. Adaptive: No
Enterprise Leadership Report 1.0,https://www.shl.com/products/product-catalog/view/enterprise-leadership-report/,,Yes,No,P,Assessment Name: Enterprise Leadership Report 1.0. Test Type: P. Remote Testing: Yes. Adaptive: No
Enterprise Leadership Report 2.0,https://www.shl.com/products/product-catalog/view/enterprise-leadership-report-2-0/,,Yes,No,P,Assessment Name: Enterprise Leadership Report 2.0. Test Type: P. Remote Testing: Yes. Adaptive: No
Entry Level Customer Serv-Retail & Contact Center,https://www.shl.com/products/product-catalog/view/entry-level-customer-serv-retail-and-contact-center/,,Yes,No,"P, C","Assessment Name: Entry Level Customer Serv-Retail & Contact Center. Test Type: P, C. Remote Testing: Yes. Adaptive: No"
ETL Testing (New),https://www.shl.com/products/product-catalog/view/etl-testing-new/,,Yes,No,K,Assessment Name: ETL Testing (New). Test Type: K. Remote Testing: Yes. Adaptive: No
Executive Scenarios,https://www.shl.com/products/product-catalog/view/executive-scenarios/,,Yes,No,B,Assessment Name: Executive Scenarios. Test Type: B. Remote Testing: Yes. Adaptive: No
Executive Scenarios Narrative Report,https://www.shl.com/products/product-catalog/view/executive-scenarios-narrative-report/,,Yes,No,B,Assessment Name: Executive Scenarios Narrative Report. Test Type: B. Remote Testing: Yes. Adaptive: No
Executive Scenarios Profile Report,https://www.shl.com/products/product-catalog/view/executive-scenarios-profile-report/,,Yes,No,B,Assessment Name: Executive Scenarios Profile Report. Test Type: B. Remote Testing: Yes. Adaptive: No
ExpressJS (New),https://www.shl.com/products/product-catalog/view/expressjs-new/,,Yes,No,K,Assessment Name: ExpressJS (New). Test Type: K. Remote Testing: Yes. Adaptive: No
Filing - Names (R1),https://www.shl.com/products/product-catalog/view/filing-names-r1/,,Yes,No,K,Assessment Name: Filing - Names (R1). Test Type: K. Remote Testing: Yes. Adaptive: No
Filing - Numbers,https://www.shl.com/products/product-catalog/view/filing-numbers/,,Yes,No,K,Assessment Name: Filing - Numbers. Test Type: K. Remote Testing: Yes. Adaptive: No
Financial Accounting (New),https://www.shl.com/products/product-catalog/view/financial-accounting-new/,,Yes,No,K,Assessment Name: Financial Accounting (New). Test Type: K. Remote Testing: Yes. Adaptive: No
Financial and Banking Services (New),https://www.shl.com/products/product-catalog/view/financial-and-banking-services-new/,,Yes,No,K,Assessment Name: Financial and Banking Services (New). Test Type: K. Remote Testing: Yes. Adaptive: No
Fire Engineering (New),https://www.shl.com/products/product-catalog/view/fire-engineering-new/,,Yes,No,K,Assessment Name: Fire Engineering (New). Test Type: K. Remote Testing: Yes. Adaptive: No
Following Instructions v1 - UK (R1),https://www.shl.com/products/product-catalog/view/following-instructions-v1-uk-r1/,,Yes,No,K,Assessment Name: Following Instructions v1 - UK (R1). Test Type: K. Remote Testing: Yes. Adaptive: No
Following Instructions v1 - US (R2),https://www.shl.com/products/product-catalog/view/following-instructions-v1-us-r2/,,Yes,No,K,Assessment Name: Following Instructions v1 - US (R2). Test Type: K. Remote Testing: Yes. Adaptive: No
Food and Beverage Services (New),https://www.shl.com/products/product-catalog/view/food-and-beverage-services-new/,,Yes,No,K,Assessment Name: Food and Beverage Services (New). Test Type: K. Remote Testing: Yes. Adaptive: No
Food Science (New),https://www.shl.com/products/product-catalog/view/food-science-new/,,Yes,No,K,Assessment Name: Food Science (New). Test Type: K. Remote Testing: Yes. Adaptive: No
Front Office Management (New),https://www.shl.com/products/product-catalog/view/front-office-management-new/,,Yes,No,K,Assessment Name: Front Office Management (New). Test Type: K. Remote Testing: Yes. Adaptive: No
Fundamentals of Chemistry (New),https://www.shl.com/products/product-catalog/view/fundamentals-of-chemistry-new/,,Yes,No,K,Assessment Name: Fundamentals of Chemistry (New). Test Type: K. Remote Testing: Yes. Adaptive: No
Fundamentals of Physics (New),https://www.shl.com/products/product-catalog/view/fundamentals-of-physics-new/,,Yes,No,K,Assessment Name: Fundamentals of Physics (New). Test Type: K. Remote Testing: Yes. Adaptive: No
General Diseases (New),https://www.shl.com/products/product-catalog/view/general-diseases-new/,,Yes,No,K,Assessment Name: General Diseases (New). Test Type: K. Remote Testing: Yes. Adaptive: No
Geoinformatics Engineering (New),https://www.shl.com/products/product-catalog/view/geoinformatics-engineering-new/,,Yes,No,K,Assessment Name: Geoinformatics Engineering (New). Test Type: K. Remote Testing: Yes. Adaptive: No
Geoscience Engineering (New),https://www.shl.com/products/product-catalog/view/geoscience-engineering-new/,,Yes,No,K,Assessment Name: Geoscience Engineering (New). Test Type: K. Remote Testing: Yes. Adaptive: No
GIT (New),https://www.shl.com/products/product-catalog/view/git-new/,,Yes,No,K,Assessment Name: GIT (New). Test Type: K. Remote Testing: Yes. Adaptive: No
Global Skills Assessment,https://www.shl.com/products/product-catalog/view/global-skills-assessment/,,Yes,No,"C, K","Assessment Name: Global Skills Assessment. Test Type: C, K. Remote Testing: Yes. Adaptive: No"
Graduate Scenarios,https://www.shl.com/products/product-catalog/view/graduate-scenarios/,,Yes,No,B,Assessment Name: Graduate Scenarios. Test Type: B. Remote Testing: Yes. Adaptive: No
Graduate Scenarios Narrative Report,https://www.shl.com/products/product-catalog/view/graduate-scenarios-narrative-report/,,Yes,No,B,Assessment Name: Graduate Scenarios Narrative Report. Test Type: B. Remote Testing: Yes. Adaptive: No
Graduate Scenarios Profile Report,https://www.shl.com/products/product-catalog/view/graduate-scenarios-profile-report/,,Yes,No,B,Assessment Name: Graduate Scenarios Profile Report. Test Type: B. Remote Testing: Yes. Adaptive: No
Hibernate (New),https://www.shl.com/products/product-catalog/view/hibernate-new/,,Yes,No,K,Assessment Name: Hibernate (New). Test Type: K. Remote Testing: Yes. Adaptive: No
HIPAA (Security),https://www.shl.com/products/product-catalog/view/hipaa-security/,,Yes,Yes,K,Assessment Name: HIPAA (Security). Test Type: K. Remote Testing: Yes. Adaptive: Yes
HiPo Assessment Report 1.0,https://www.shl.com/products/product-catalog/view/hipo-assessment-report-1-0/,,Yes,No,"C, P","Assessment Name: HiPo Assessment Report 1.0. Test Type: C, P. Remote Testing: Yes. Adaptive: No"
HiPo Assessment Report 2.0,https://www.shl.com/products/product-catalog/view/hipo-assessment-report-2-0/,,Yes,No,"C, P","Assessment Name: HiPo Assessment Report 2.0. Test Type: C, P. Remote Testing: Yes. Adaptive: No"
HiPo Unlocking Potential Report 2.0,https://www.shl.com/products/product-catalog/view/hipo-unlocking-potential-report-2-0/,,Yes,No,C,Assessment Name: HiPo Unlocking Potential Report 2.0. Test Type: C. Remote Testing: Yes. Adaptive: No
Housekeeping (New),https://www.shl.com/products/product-catalog/view/housekeeping-new/,,Yes,No,K,Assessment Name: Housekeeping (New). Test Type: K. Remote Testing: Yes. Adaptive: No
HTML/CSS (New),https://www.shl.com/products/product-catalog/view/htmlcss-new/,,Yes,No,K,Assessment Name: HTML/CSS (New). Test Type: K. Remote Testing: Yes. Adaptive: No
HTML5 (New),https://www.shl.com/products/product-catalog/view/html5-new/,,Yes,No,K,Assessment Name: HTML5 (New). Test Type: K. Remote Testing: Yes. Adaptive: No
Human Resources (New),https://www.shl.com/products/product-catalog/view/human-resources-new/,,Yes,No,K,Assessment Name: Human Resources (New). Test Type: K. Remote Testing: Yes. Adaptive: No
IBM DataStage (New),https://www.shl.com/products/product-catalog/view/ibm-datastage-new/,,Yes,No,K,Assessment Name: IBM DataStage (New). Test Type: K. Remote Testing: Yes. Adaptive: No
IBM Sterling Order Management System (New),https://www.shl.com/products/product-catalog/view/ibm-sterling-order-management-system-new/,,Yes,No,K,Assessment Name: IBM Sterling Order Management System (New). Test Type: K. Remote Testing: Yes. Adaptive: No
Industrial Engineering (New),https://www.shl.com/products/product-catalog/view/industrial-engineering-new/,,Yes,No,K,Assessment Name: Industrial Engineering (New). Test Type: K. Remote Testing: Yes. Adaptive: No
Informatica (Architecture) (New),https://www.shl.com/products/product-catalog/view/informatica-architecture-new/,,Yes,No,K,Assessment Name: Informatica (Architecture) (New). Test Type: K. Remote Testing: Yes. Adaptive: No
Informatica (Developer) (New),https://www.shl.com/products/product-catalog/view/informatica-developer-new/,,Yes,No,K,Assessment Name: Informatica (Developer) (New). Test Type: K. Remote Testing: Yes. Adaptive: No
Instrumentation Engineering (New),https://www.shl.com/products/product-catalog/view/instrumentation-engineering-new/,,Yes,No,K,Assessment Name: Instrumentation Engineering (New). Test Type: K. Remote Testing: Yes. Adaptive: No
Interpersonal Communications,https://www.shl.com/products/product-catalog/view/interpersonal-communications/,,Yes,Yes,K,Assessment Name: Interpersonal Communications. Test Type: K. Remote Testing: Yes. Adaptive: Yes
Interviewing and Hiring Concepts (U.S.),https://www.shl.com/products/product-catalog/view/interviewing-and-hiring-concepts-u-s/,,Yes,Yes,K,Assessment Name: Interviewing and Hiring Concepts (U.S.). Test Type: K. Remote Testing: Yes. Adaptive: Yes
iOS Development (New),https://www.shl.com/products/product-catalog/view/ios-development-new/,,Yes,No,K,Assessment Name: iOS Development (New). Test Type: K. Remote Testing: Yes. Adaptive: No
ITIL (IT Infrastructure Library) (New),https://www.shl.com/products/product-catalog/view/itil-it-infrastructure-library-new/,,Yes,No,K,Assessment Name: ITIL (IT Infrastructure Library) (New). Test Type: K. Remote Testing: Yes. Adaptive: No
Java 2 Platform Enterprise Edition 1.4 Fundamental,https://www.shl.com/products/product-catalog/view/java-2-platform-enterprise-edition-1-4-fundamental/,,Yes,Yes,K,Assessment Name: Java 2 Platform Enterprise Edition 1.4 Fundamental. Test Type: K. Remote Testing: Yes. Adaptive: Yes
Java 8 (New),https://www.shl.com/products/product-catalog/view/java-8-new/,,Yes,No,K,Assessment Name: Java 8 (New). Test Type: K. Remote Testing: Yes. Adaptive: No
Java Design Patterns (New),https://www.shl.com/products/product-catalog/view/java-design-patterns-new/,,Yes,No,K,Assessment Name: Java Design Patterns (New). Test Type: K. Remote Testing: Yes. Adaptive: No
Java Frameworks (New),https://www.shl.com/products/product-catalog/view/java-frameworks-new/,,Yes,No,K,Assessment Name: Java Frameworks (New). Test Type: K. Remote Testing: Yes. Adaptive: No
Java Platform Enterprise Edition 7 (Java EE 7),https://www.shl.com/products/product-catalog/view/java-platform-enterprise-edition-7-java-ee-7/,,Yes,Yes,K,Assessment Name: Java Platform Enterprise Edition 7 (Java EE 7). Test Type: K. Remote Testing: Yes. Adaptive: Yes
Java Web Services (New),https://www.shl.com/products/product-catalog/view/java-web-services-new/,,Yes,No,K,Assessment Name: Java Web Services (New). Test Type: K. Remote Testing: Yes. Adaptive: No
JavaScript (New),https://www.shl.com/products/product-catalog/view/javascript-new/,,Yes,No,K,Assessment Name: JavaScript (New). Test Type: K. Remote Testing: Yes. Adaptive: No
Jenkins (New),https://www.shl.com/products/product-catalog/view/jenkins-new/,,Yes,No,K,Assessment Name: Jenkins (New). Test Type: K. Remote Testing: Yes. Adaptive: No
Job Control Language (New),https://www.shl.com/products/product-catalog/view/job-control-language-new/,,Yes,No,K,Assessment Name: Job Control Language (New). Test Type: K. Remote Testing: Yes. Adaptive: No
jQuery (New),https://www.shl.com/products/product-catalog/view/jquery-new/,,Yes,No,K,Assessment Name: jQuery (New). Test Type: K. Remote Testing: Yes. Adaptive: No
Kubernetes (New),https://www.shl.com/products/product-catalog/view/kubernetes-new/,,Yes,No,K,Assessment Name: Kubernetes (New). Test Type: K. Remote Testing: Yes. Adaptive: No
Linux Administration (New),https://www.shl.com/products/product-catalog/view/linux-administration-new/,,Yes,No,K,Assessment Name: Linux Administration (New). Test Type: K. Remote Testing: Yes. Adaptive: No
Linux Operating System,https://www.shl.com/products/product-catalog/view/linux-operating-system/,,Yes,No,K,Assessment Name: Linux Operating System. Test Type: K. Remote Testing: Yes. Adaptive: No
Linux Programming (General),https://www.shl.com/products/product-catalog/view/linux-programming-general/,,Yes,Yes,K,Assessment Name: Linux Programming (General). Test Type: K. Remote Testing: Yes. Adaptive: Yes
Load Runner (New),https://www.shl.com/products/product-catalog/view/load-runner-new/,,Yes,No,K,Assessment Name: Load Runner (New). Test Type: K. Remote Testing: Yes. Adaptive: No
Management Scenarios,https://www.shl.com/products/product-catalog/view/management-scenarios/,,Yes,No,B,Assessment Name: Management Scenarios. Test Type: B. Remote Testing: Yes. Adaptive: No
Managerial Scenarios Candidate Report,https://www.shl.com/products/product-catalog/view/managerial-scenarios-candidate-report/,,Yes,No,B,Assessment Name: Managerial Scenarios Candidate Report. Test Type: B. Remote Testing: Yes. Adaptive: No
Managerial Scenarios Narrative Report,https://www.shl.com/products/product-catalog/view/managerial-scenarios-narrative-report/,,Yes,No,B,Assessment Name: Managerial Scenarios Narrative Report. Test Type: B. Remote Testing: Yes. Adaptive: No
Managerial Scenarios Profile Report,https://www.shl.com/products/product-catalog/view/managerial-scenarios-profile-report/,,Yes,No,B,Assessment Name: Managerial Scenarios Profile Report. Test Type: B. Remote Testing: Yes. Adaptive: No
Manual Testing (New),https://www.shl.com/products/product-catalog/view/manual-testing-new/,,Yes,No,K,Assessment Name: Manual Testing (New). Test Type: K. Remote Testing: Yes. Adaptive: No
Manufac. & Indust. - Mechanical & Vigilance 8.0,https://www.shl.com/products/product-catalog/view/mechanical-and-vigilance-focus-8-0/,,Yes,No,"A, P","Assessment Name: Manufac. & Indust. - Mechanical & Vigilance 8.0. Test Type: A, P. Remote Testing: Yes. Adaptive: No"
Manufac. & Indust. - Safety & Dependability 8.0,https://www.shl.com/products/product-catalog/view/safety-and-dependability-focus-8-0/,,Yes,No,P,Assessment Name: Manufac. & Indust. - Safety & Dependability 8.0. Test Type: P. Remote Testing: Yes. Adaptive: No
Manufacturing & Industrial - Essential Focus 8.0,https://www.shl.com/products/product-catalog/view/essential-focus-8-0/,,Yes,No,P,Assessment Name: Manufacturing & Industrial - Essential Focus 8.0. Test Type: P. Remote Testing: Yes. Adaptive: No
Manufacturing & Industrial - Mechanical Focus 8.0,https://www.shl.com/products/product-catalog/view/mechanical-focus-8-0/,,Yes,No,"A, P","Assessment Name: Manufacturing & Industrial - Mechanical Focus 8.0. Test Type: A, P. Remote Testing: Yes. Adaptive: No"
Manufacturing & Industrial - Vigilance Focus 8.0,https://www.shl.com/products/product-catalog/view/vigilance-focus-8-0/,,Yes,No,"A, P","Assessment Name: Manufacturing & Industrial - Vigilance Focus 8.0. Test Type: A, P. Remote Testing: Yes. Adaptive: No"
Marketing (New),https://www.shl.com/products/product-catalog/view/marketing-new/,,Yes,No,K,Assessment Name: Marketing (New). Test Type: K. Remote Testing: Yes. Adaptive: No
Maven (New),https://www.shl.com/products/product-catalog/view/maven-new/,,Yes,No,K,Assessment Name: Maven (New). Test Type: K. Remote Testing: Yes. Adaptive: No
Mechanical Engineering (New),https://www.shl.com/products/product-catalog/view/mechanical-engineering-new/,,Yes,No,K,Assessment Name: Mechanical Engineering (New). Test Type: K. Remote Testing: Yes. Adaptive: No
Mechatronics Engineering (New),https://www.shl.com/products/product-catalog/view/mechatronics-engineering-new/,,Yes,No,K,Assessment Name: Mechatronics Engineering (New). Test Type: K. Remote Testing: Yes. Adaptive: No
Medical Terminology (New),https://www.shl.com/products/product-catalog/view/medical-terminology-new/,,Yes,No,K,Assessment Name: Medical Terminology (New). Test Type: K. Remote Testing: Yes. Adaptive: No
Metallurgical Engineering (New),https://www.shl.com/products/product-catalog/view/metallurgical-engineering-new/,,Yes,No,K,Assessment Name: Metallurgical Engineering (New). Test Type: K. Remote Testing: Yes. Adaptive: No
MFS 360 Enterprise Leadership Report,https://www.shl.com/products/product-catalog/view/mfs-360-enterprise-leadership-report/,,Yes,No,D,Assessment Name: MFS 360 Enterprise Leadership Report. Test Type: D. Remote Testing: Yes. Adaptive: No
MFS 360 UCF Group Report,https://www.shl.com/products/product-catalog/view/mfs-360-ucf-group-report/,,Yes,No,D,Assessment Name: MFS 360 UCF Group Report. Test Type: D. Remote Testing: Yes. Adaptive: No
MFS 360 UCF Performance Potential Dev Tips Report,https://www.shl.com/products/product-catalog/view/mfs-360-ucf-performance-potential-dev-tips-report/,,Yes,No,D,Assessment Name: MFS 360 UCF Performance Potential Dev Tips Report. Test Type: D. Remote Testing: Yes. Adaptive: No
MFS 360 UCF Standard Report,https://www.shl.com/products/product-catalog/view/mfs-360-ucf-standard-report/,,Yes,No,D,Assessment Name: MFS 360 UCF Standard Report. Test Type: D. Remote Testing: Yes. Adaptive: No
Micro Focus Unified Functional Testing (New),https://www.shl.com/products/product-catalog/view/micro-focus-unified-functional-testing-new/,,Yes,No,K,Assessment Name: Micro Focus Unified Functional Testing (New). Test Type: K. Remote Testing: Yes. Adaptive: No
Microservices (New),https://www.shl.com/products/product-catalog/view/microservices-new/,,Yes,No,K,Assessment Name: Microservices (New). Test Type: K. Remote Testing: Yes. Adaptive: No
Microsoft Dynamics Development (New),https://www.shl.com/products/product-catalog/view/microsoft-dynamics-development-new/,,Yes,No,K,Assessment Name: Microsoft Dynamics Development (New). Test Type: K. Remote Testing: Yes. Adaptive: No
Microsoft Excel 365 - Essentials (New),https://www.shl.com/products/product-catalog/view/microsoft-excel-365-essentials-new/,,Yes,No,"K, S","Assessment Name: Microsoft Excel 365 - Essentials (New). Test Type: K, S. Remote Testing: Yes. Adaptive: No"
Microsoft Excel 365 (New),https://www.shl.com/products/product-catalog/view/microsoft-excel-365-new/,,Yes,No,"K, S","Assessment Name: Microsoft Excel 365 (New). Test Type: K, S. Remote Testing: Yes. Adaptive: No"
Microsoft Outlook 2013 (adaptive),https://www.shl.com/products/product-catalog/view/microsoft-outlook-2013-adaptive/,,Yes,Yes,K,Assessment Name: Microsoft Outlook 2013 (adaptive). Test Type: K. Remote Testing: Yes. Adaptive: Yes
Microsoft PowerPoint 365 - Essentials (New),https://www.shl.com/products/product-catalog/view/microsoft-powerpoint-365-essentials-new/,,Yes,No,"K, S","Assessment Name: Microsoft PowerPoint 365 - Essentials (New). Test Type: K, S. Remote Testing: Yes. Adaptive: No"
Microsoft SQL Server 2014 Programming,https://www.shl.com/products/product-catalog/view/microsoft-sql-server-2014-programming/,,Yes,Yes,K,Assessment Name: Microsoft SQL Server 2014 Programming. Test Type: K. Remote Testing: Yes. Adaptive: Yes
Microsoft Windows Server 2012 Administration,https://www.shl.com/products/product-catalog/view/microsoft-windows-server-2012-administration/,,Yes,Yes,K,Assessment Name: Microsoft Windows Server 2012 Administration. Test Type: K. Remote Testing: Yes. Adaptive: Yes
Microsoft Word 365 - Essentials (New),https://www.shl.com/products/product-catalog/view/microsoft-word-365-essentials-new/,,Yes,No,"K, S","Assessment Name: Microsoft Word 365 - Essentials (New). Test Type: K, S. Remote Testing: Yes. Adaptive: No"
Microsoft Word 365 (New),https://www.shl.com/products/product-catalog/view/microsoft-word-365-new/,,Yes,No,"S, K","Assessment Name: Microsoft Word 365 (New). Test Type: S, K. Remote Testing: Yes. Adaptive: No"
Mineral Engineering (New),https://www.shl.com/products/product-catalog/view/mineral-engineering-new/,,Yes,No,K,Assessment Name: Mineral Engineering (New). Test Type: K. Remote Testing: Yes. Adaptive: No
Mining Engineering (New),https://www.shl.com/products/product-catalog/view/mining-engineering-new/,,Yes,No,K,Assessment Name: Mining Engineering (New). Test Type: K. Remote Testing: Yes. Adaptive: No
Mobility (New),https://www.shl.com/products/product-catalog/view/mobility-new/,,Yes,No,K,Assessment Name: Mobility (New). Test Type: K. Remote Testing: Yes. Adaptive: No
Molecular Biology (New),https://www.shl.com/products/product-catalog/view/molecular-biology-new/,,Yes,No,K,Assessment Name: Molecular Biology (New). Test Type: K. Remote Testing: Yes. Adaptive: No
MongoDB (New),https://www.shl.com/products/product-catalog/view/mongodb-new/,,Yes,No,K,Assessment Name: MongoDB (New). Test Type: K. Remote Testing: Yes. Adaptive: No
Motivation Questionnaire MQM5,https://www.shl.com/products/product-catalog/view/motivation-questionnaire-mqm5/,,Yes,No,P,Assessment Name: Motivation Questionnaire MQM5. Test Type: P. Remote Testing: Yes. Adaptive: No
MQ Candidate Motivation Report,https://www.shl.com/products/product-catalog/view/mq-candidate-motivation-report/,,Yes,No,P,Assessment Name: MQ Candidate Motivation Report. Test Type: P. Remote Testing: Yes. Adaptive: No
MQ Employee Motivation Report,https://www.shl.com/products/product-catalog/view/mq-employee-motivation-report/,,Yes,No,P,Assessment Name: MQ Employee Motivation Report. Test Type: P. Remote Testing: Yes. Adaptive: No
MQ Motivation Report Pack,https://www.shl.com/products/product-catalog/view/mq-motivation-report-pack/,,Yes,No,P,Assessment Name: MQ Motivation Report Pack. Test Type: P. Remote Testing: Yes. Adaptive: No
MQ Profile,https://www.shl.com/products/product-catalog/view/mq-profile/,,Yes,No,P,Assessment Name: MQ Profile. Test Type: P. Remote Testing: Yes. Adaptive: No
MS Access (New),https://www.shl.com/products/product-catalog/view/ms-access-new/,,Yes,No,K,Assessment Name: MS Access (New). Test Type: K. Remote Testing: Yes. Adaptive: No
MS Excel (New),https://www.shl.com/products/product-catalog/view/ms-excel-new/,,Yes,No,K,Assessment Name: MS Excel (New). Test Type: K. Remote Testing: Yes. Adaptive: No
MS Office Basic Computer Literacy (New),https://www.shl.com/products/product-catalog/view/ms-office-basic-computer-literacy-new/,,Yes,No,K,Assessment Name: MS Office Basic Computer Literacy (New). Test Type: K. Remote Testing: Yes. Adaptive: No
MS Office Basic Computer Literacy (Sim) (New),https://www.shl.com/products/product-catalog/view/ms-office-basic-computer-literacy-sim-new/,,Yes,No,S,Assessment Name: MS Office Basic Computer Literacy (Sim) (New). Test Type: S. Remote Testing: Yes. Adaptive: No
MS PowerPoint (New),https://www.shl.com/products/product-catalog/view/ms-powerpoint-new/,,Yes,No,K,Assessment Name: MS PowerPoint (New). Test Type: K. Remote Testing: Yes. Adaptive: No
MS Word (New),https://www.shl.com/products/product-catalog/view/ms-word-new/,,Yes,No,K,Assessment Name: MS Word (New). Test Type: K. Remote Testing: Yes. Adaptive: No
MuleSoft Development (New),https://www.shl.com/products/product-catalog/view/mulesoft-development-new/,,Yes,No,K,Assessment Name: MuleSoft Development (New). Test Type: K. Remote Testing: Yes. Adaptive: No
Multitasking Ability,https://www.shl.com/products/product-catalog/view/multitasking-ability/,,Yes,No,"A, K, S","Assessment Name: Multitasking Ability. Test Type: A, K, S. Remote Testing: Yes. Adaptive: No"
Networking and Implementation (New),https://www.shl.com/products/product-catalog/view/networking-and-implementation-new/,,Yes,No,K,Assessment Name: Networking and Implementation (New). Test Type: K. Remote Testing: Yes. Adaptive: No
Node.js (New),https://www.shl.com/products/product-catalog/view/node-js-new/,,Yes,No,K,Assessment Name: Node.js (New). Test Type: K. Remote Testing: Yes. Adaptive: No
Nursing (New),https://www.shl.com/products/product-catalog/view/nursing-new/,,Yes,No,K,Assessment Name: Nursing (New). Test Type: K. Remote Testing: Yes. Adaptive: No
Occupational Personality Questionnaire OPQ32r,https://www.shl.com/products/product-catalog/view/occupational-personality-questionnaire-opq32r/,,Yes,No,P,Assessment Name: Occupational Personality Questionnaire OPQ32r. Test Type: P. Remote Testing: Yes. Adaptive: No
Operations Management (New),https://www.shl.com/products/product-catalog/view/operations-management-new/,,Yes,No,K,Assessment Name: Operations Management (New). Test Type: K. Remote Testing: Yes. Adaptive: No
OPQ Candidate Plus Report,https://www.shl.com/products/product-catalog/view/opq-candidate-plus-report/,,Yes,No,P,Assessment Name: OPQ Candidate Plus Report. Test Type: P. Remote Testing: Yes. Adaptive: No
OPQ Candidate Report 2.0,https://www.shl.com/products/product-catalog/view/opq-candidate-report-2-0/,,Yes,No,P,Assessment Name: OPQ Candidate Report 2.0. Test Type: P. Remote Testing: Yes. Adaptive: No
OPQ Emotional Intelligence Report,https://www.shl.com/products/product-catalog/view/opq-emotional-intelligence-report/,,Yes,No,P,Assessment Name: OPQ Emotional Intelligence Report. Test Type: P. Remote Testing: Yes. Adaptive: No
OPQ Leadership Report,https://www.shl.com/products/product-catalog/view/opq-leadership-report/,,Yes,No,P,Assessment Name: OPQ Leadership Report. Test Type: P. Remote Testing: Yes. Adaptive: No
OPQ Manager Plus Report,https://www.shl.com/products/product-catalog/view/opq-manager-plus-report/,,Yes,No,P,Assessment Name: OPQ Manager Plus Report. Test Type: P. Remote Testing: Yes. Adaptive: No
OPQ Manager Plus Report 2.0,https://www.shl.com/products/product-catalog/view/opq-manager-plus-report-2-0/,,Yes,No,P,Assessment Name: OPQ Manager Plus Report 2.0. Test Type: P. Remote Testing: Yes. Adaptive: No
OPQ Maximising your Learning Report,https://www.shl.com/products/product-catalog/view/opq-maximising-your-learning-report/,,Yes,No,P,Assessment Name: OPQ Maximising your Learning Report. Test Type: P. Remote Testing: Yes. Adaptive: No
OPQ MQ Sales Report,https://www.shl.com/products/product-catalog/view/opq-mq-sales-report/,,Yes,No,P,Assessment Name: OPQ MQ Sales Report. Test Type: P. Remote Testing: Yes. Adaptive: No
OPQ Premium Plus Report,https://www.shl.com/products/product-catalog/view/opq-premium-plus-report/,,Yes,No,P,Assessment Name: OPQ Premium Plus Report. Test Type: P. Remote Testing: Yes. Adaptive: No
OPQ Premium Plus Report 2.0,https://www.shl.com/products/product-catalog/view/opq-premium-plus-report-2-0/,,Yes,No,P,Assessment Name: OPQ Premium Plus Report 2.0. Test Type: P. Remote Testing: Yes. Adaptive: No
OPQ Profile Report,https://www.shl.com/products/product-catalog/view/opq-profile-report/,,Yes,No,P,Assessment Name: OPQ Profile Report. Test Type: P. Remote Testing: Yes. Adaptive: No
OPQ Team Impact Group Development Report,https://www.shl.com/products/product-catalog/view/opq-team-impact-group-development-report/,,Yes,No,P,Assessment Name: OPQ Team Impact Group Development Report. Test Type: P. Remote Testing: Yes. Adaptive: No
OPQ Team Impact Individual Development Report,https://www.shl.com/products/product-catalog/view/opq-team-impact-individual-development-report/,,Yes,No,P,Assessment Name: OPQ Team Impact Individual Development Report. Test Type: P. Remote Testing: Yes. Adaptive: No
OPQ Team Impact Selection Report,https://www.shl.com/products/product-catalog/view/opq-team-impact-selection-report/,,Yes,No,P,Assessment Name: OPQ Team Impact Selection Report. Test Type: P. Remote Testing: Yes. Adaptive: No
OPQ Team Types & Leadership Styles Profile,https://www.shl.com/products/product-catalog/view/opq-team-types-and-leadership-styles-profile/,,Yes,No,P,Assessment Name: OPQ Team Types & Leadership Styles Profile. Test Type: P. Remote Testing: Yes. Adaptive: No
OPQ Team Types and Leadership Styles Report,https://www.shl.com/products/product-catalog/view/opq-team-types-and-leadership-styles-report/,,Yes,No,P,Assessment Name: OPQ Team Types and Leadership Styles Report. Test Type: P. Remote Testing: Yes. Adaptive: No
OPQ UCF Development Action Planner Report 1.0,https://www.shl.com/products/product-catalog/view/opq-ucf-development-action-planner-report/,,Yes,No,P,Assessment Name: OPQ UCF Development Action Planner Report 1.0. Test Type: P. Remote Testing: Yes. Adaptive: No
OPQ UCF Development Action Planner Report 2.0,https://www.shl.com/products/product-catalog/view/opq-ucf-development-action-planner-report-2-0/,,Yes,No,P,Assessment Name: OPQ UCF Development Action Planner Report 2.0. Test Type: P. Remote Testing: Yes. Adaptive: No
OPQ Universal Competency Report 1.0,https://www.shl.com/products/product-catalog/view/opq-universal-competency-report/,,Yes,No,P,Assessment Name: OPQ Universal Competency Report 1.0. Test Type: P. Remote Testing: Yes. Adaptive: No
OPQ Universal Competency Report 2.0,https://www.shl.com/products/product-catalog/view/opq-universal-competency-report-2-0/,,Yes,No,P,Assessment Name: OPQ Universal Competency Report 2.0. Test Type: P. Remote Testing: Yes. Adaptive: No
OPQ User and Managers Report,https://www.shl.com/products/product-catalog/view/opq-user-and-managers-report/,,Yes,No,P,Assessment Name: OPQ User and Managers Report. Test Type: P. Remote Testing: Yes. Adaptive: No
OPQ User Report,https://www.shl.com/products/product-catalog/view/opq-user-report/,,Yes,No,"P, S","Assessment Name: OPQ User Report. Test Type: P, S. Remote Testing: Yes. Adaptive: No"
Oracle DBA (Advanced Level) (New),https://www.shl.com/products/product-catalog/view/oracle-dba-advanced-level-new/,,Yes,No,K,Assessment Name: Oracle DBA (Advanced Level) (New). Test Type: K. Remote Testing: Yes. Adaptive: No
Oracle DBA (Entry Level) (New),https://www.shl.com/products/product-catalog/view/oracle-dba-entry-level-new/,,Yes,No,K,Assessment Name: Oracle DBA (Entry Level) (New). Test Type: K. Remote Testing: Yes. Adaptive: No
Oracle PL/SQL (New),https://www.shl.com/products/product-catalog/view/oracle-plsql-new/,,Yes,No,K,Assessment Name: Oracle PL/SQL (New). Test Type: K. Remote Testing: Yes. Adaptive: No
Oracle WebLogic Server (New),https://www.shl.com/products/product-catalog/view/oracle-weblogic-server-new/,,Yes,No,K,Assessment Name: Oracle WebLogic Server (New). Test Type: K. Remote Testing: Yes. Adaptive: No
Organic Chemistry (New),https://www.shl.com/products/product-catalog/view/organic-chemistry-new/,,Yes,No,K,Assessment Name: Organic Chemistry (New). Test Type: K. Remote Testing: Yes. Adaptive: No
Paint Technology (New),https://www.shl.com/products/product-catalog/view/paint-technology-new/,,Yes,No,K,Assessment Name: Paint Technology (New). Test Type: K. Remote Testing: Yes. Adaptive: No
Pediatrics (New),https://www.shl.com/products/product-catalog/view/pediatrics-new/,,Yes,No,K,Assessment Name: Pediatrics (New). Test Type: K. Remote Testing: Yes. Adaptive: No
Pega Development (New),https://www.shl.com/products/product-catalog/view/pega-development-new/,,Yes,No,K,Assessment Name: Pega Development (New). Test Type: K. Remote Testing: Yes. Adaptive: No
Perl (New),https://www.shl.com/products/product-catalog/view/perl-new/,,Yes,No,K,Assessment Name: Perl (New). Test Type: K. Remote Testing: Yes. Adaptive: No
Petrochemical Engineering (New),https://www.shl.com/products/product-catalog/view/petrochemical-engineering-new/,,Yes,No,K,Assessment Name: Petrochemical Engineering (New). Test Type: K. Remote Testing: Yes. Adaptive: No
Petroleum Engineering (New),https://www.shl.com/products/product-catalog/view/petroleum-engineering-new/,,Yes,No,K,Assessment Name: Petroleum Engineering (New). Test Type: K. Remote Testing: Yes. Adaptive: No
Pharmaceutical Analysis (New),https://www.shl.com/products/product-catalog/view/pharmaceutical-analysis-new/,,Yes,No,K,Assessment Name: Pharmaceutical Analysis (New). Test Type: K. Remote Testing: Yes. Adaptive: No
Pharmaceutical Chemistry (New),https://www.shl.com/products/product-catalog/view/pharmaceutical-chemistry-new/,,Yes,No,K,Assessment Name: Pharmaceutical Chemistry (New). Test Type: K. Remote Testing: Yes. Adaptive: No
Pharmaceutical Science (New),https://www.shl.com/products/product-catalog/view/pharmaceutical-science-new/,,Yes,No,K,Assessment Name: Pharmaceutical Science (New). Test Type: K. Remote Testing: Yes. Adaptive: No
Pharmaceutics (New),https://www.shl.com/products/product-catalog/view/pharmaceutics-new/,,Yes,No,K,Assessment Name: Pharmaceutics (New). Test Type: K. Remote Testing: Yes. Adaptive: No
Pharmacology (New),https://www.shl.com/products/product-catalog/view/pharmacology-new/,,Yes,No,K,Assessment Name: Pharmacology (New). Test Type: K. Remote Testing: Yes. Adaptive: No
PHP (New),https://www.shl.com/products/product-catalog/view/php-new/,,Yes,No,K,Assessment Name: PHP (New). Test Type: K. Remote Testing: Yes. Adaptive: No
PJM Development Report,https://www.shl.com/products/product-catalog/view/pjm-development-report/,,Yes,No,"C, A, P","Assessment Name: PJM Development Report. Test Type: C, A, P. Remote Testing: Yes. Adaptive: No"
PJM Selection Report,https://www.shl.com/products/product-catalog/view/pjm-selection-report/,,Yes,No,"A, C, P","Assessment Name: PJM Selection Report. Test Type: A, C, P. Remote Testing: Yes. Adaptive: No"
Polymer Engineering (New),https://www.shl.com/products/product-catalog/view/polymer-engineering-new/,,Yes,No,K,Assessment Name: Polymer Engineering (New). Test Type: K. Remote Testing: Yes. Adaptive: No
Power Electronics and Drives (New),https://www.shl.com/products/product-catalog/view/power-electronics-and-drives-new/,,Yes,No,K,Assessment Name: Power Electronics and Drives (New). Test Type: K. Remote Testing: Yes. Adaptive: No
Power System Engineering (New),https://www.shl.com/products/product-catalog/view/power-system-engineering-new/,,Yes,No,K,Assessment Name: Power System Engineering (New). Test Type: K. Remote Testing: Yes. Adaptive: No
Prism (New),https://www.shl.com/products/product-catalog/view/prism-new/,,Yes,No,K,Assessment Name: Prism (New). Test Type: K. Remote Testing: Yes. Adaptive: No
Production and Industrial Engineering (New),https://www.shl.com/products/product-catalog/view/production-and-industrial-engineering-new/,,Yes,No,K,Assessment Name: Production and Industrial Engineering (New). Test Type: K. Remote Testing: Yes. Adaptive: No
Production Engineering (New),https://www.shl.com/products/product-catalog/view/production-engineering-new/,,Yes,No,K,Assessment Name: Production Engineering (New). Test Type: K. Remote Testing: Yes. Adaptive: No
Programming Concepts,https://www.shl.com/products/product-catalog/view/programming-concepts/,,Yes,Yes,K,Assessment Name: Programming Concepts. Test Type: K. Remote Testing: Yes. Adaptive: Yes
Project Management (2013),https://www.shl.com/products/product-catalog/view/project-management-2013/,,Yes,Yes,K,Assessment Name: Project Management (2013). Test Type: K. Remote Testing: Yes. Adaptive: Yes
Proofreading v1,https://www.shl.com/products/product-catalog/view/proofreading-v1/,,Yes,No,K,Assessment Name: Proofreading v1. Test Type: K. Remote Testing: Yes. Adaptive: No
Python (New),https://www.shl.com/products/product-catalog/view/python-new/,,Yes,No,K,Assessment Name: Python (New). Test Type: K. Remote Testing: Yes. Adaptive: No
R Programming (New),https://www.shl.com/products/product-catalog/view/r-programming-new/,,Yes,No,K,Assessment Name: R Programming (New). Test Type: K. Remote Testing: Yes. Adaptive: No
ReactJS (New),https://www.shl.com/products/product-catalog/view/reactjs-new/,,Yes,No,K,Assessment Name: ReactJS (New). Test Type: K. Remote Testing: Yes. Adaptive: No
Reading Comprehension - English v1,https://www.shl.com/products/product-catalog/view/reading-comprehension-english-v1/,,Yes,Yes,A,Assessment Name: Reading Comprehension - English v1. Test Type: A. Remote Testing: Yes. Adaptive: Yes
Reading Comprehension - Spanish v1,https://www.shl.com/products/product-catalog/view/reading-comprehension-spanish-v1/,,Yes,Yes,A,Assessment Name: Reading Comprehension - Spanish v1. Test Type: A. Remote Testing: Yes. Adaptive: Yes
Reading Comprehension v2,https://www.shl.com/products/product-catalog/view/reading-comprehension-v2/,,Yes,Yes,A,Assessment Name: Reading Comprehension v2. Test Type: A. Remote Testing: Yes. Adaptive: Yes
RemoteWorkQ,https://www.shl.com/products/product-catalog/view/remoteworkq/,,Yes,No,C,Assessment Name: RemoteWorkQ. Test Type: C. Remote Testing: Yes. Adaptive: No
RemoteWorkQ Manager Report,https://www.shl.com/products/product-catalog/view/remoteworkq-manager-report/,,Yes,No,C,Assessment Name: RemoteWorkQ Manager Report. Test Type: C. Remote Testing: Yes. Adaptive: No
RemoteWorkQ Participant Report,https://www.shl.com/products/product-catalog/view/remoteworkq-participant-report/,,Yes,No,C,Assessment Name: RemoteWorkQ Participant Report. Test Type: C. Remote Testing: Yes. Adaptive: No
RESTful Web Services (New),https://www.shl.com/products/product-catalog/view/restful-web-services-new/,,Yes,No,K,Assessment Name: RESTful Web Services (New). Test Type: K. Remote Testing: Yes. Adaptive: No
Retail Sales and Service Simulation,https://www.shl.com/products/product-catalog/view/retail-sales-and-service-simulation/,,Yes,No,"B, K, S, A","Assessment Name: Retail Sales and Service Simulation. Test Type: B, K, S, A. Remote Testing: Yes. Adaptive: No"
Reviewing Forms - US (R1),https://www.shl.com/products/product-catalog/view/reviewing-forms-us-r1/,,Yes,No,K,Assessment Name: Reviewing Forms - US (R1). Test Type: K. Remote Testing: Yes. Adaptive: No
Ruby (New),https://www.shl.com/products/product-catalog/view/ruby-new/,,Yes,No,K,Assessment Name: Ruby (New). Test Type: K. Remote Testing: Yes. Adaptive: No
Ruby on Rails (New),https://www.shl.com/products/product-catalog/view/ruby-on-rails-new/,,Yes,No,K,Assessment Name: Ruby on Rails (New). Test Type: K. Remote Testing: Yes. Adaptive: No
Sales & Service Phone Simulation,https://www.shl.com/products/product-catalog/view/sales-and-service-phone-simulation/,,Yes,No,"S, B","Assessment Name: Sales & Service Phone Simulation. Test Type: S, B. Remote Testing: Yes. Adaptive: No"
Sales Interview Guide,https://www.shl.com/products/product-catalog/view/sales-interview-guide/,,Yes,No,"P, P","Assessment Name: Sales Interview Guide. Test Type: P, P. Remote Testing: Yes. Adaptive: No"
Sales Profiler Cards,https://www.shl.com/products/product-catalog/view/sales-profiler-cards/,,Yes,No,P,Assessment Name: Sales Profiler Cards. Test Type: P. Remote Testing: Yes. Adaptive: No
Sales Transformation 1.0 - Individual Contributor,https://www.shl.com/products/product-catalog/view/sales-transformation-report-individual-contributor/,,Yes,No,P,Assessment Name: Sales Transformation 1.0 - Individual Contributor. Test Type: P. Remote Testing: Yes. Adaptive: No
Sales Transformation 2.0 - Individual Contributor,https://www.shl.com/products/product-catalog/view/salestransformationreport2-0-individualcontributor/,,Yes,No,P,Assessment Name: Sales Transformation 2.0 - Individual Contributor. Test Type: P. Remote Testing: Yes. Adaptive: No
Sales Transformation Report 1.0 - Sales Manager,https://www.shl.com/products/product-catalog/view/sales-transformation-report-sales-manager/,,Yes,No,P,Assessment Name: Sales Transformation Report 1.0 - Sales Manager. Test Type: P. Remote Testing: Yes. Adaptive: No
Sales Transformation Report 2.0 - Sales Manager,https://www.shl.com/products/product-catalog/view/sales-transformation-report-2-0-sales-manager/,,Yes,No,P,Assessment Name: Sales Transformation Report 2.0 - Sales Manager. Test Type: P. Remote Testing: Yes. Adaptive: No
Salesforce Development (New),https://www.shl.com/products/product-catalog/view/salesforce-development-new/,,Yes,No,K,Assessment Name: Salesforce Development (New). Test Type: K. Remote Testing: Yes. Adaptive: No
SAP ABAP (Advanced Level) (New),https://www.shl.com/products/product-catalog/view/sap-abap-advanced-level-new/,,Yes,No,K,Assessment Name: SAP ABAP (Advanced Level) (New). Test Type: K. Remote Testing: Yes. Adaptive: No
SAP ABAP (Intermediate Level) (New),https://www.shl.com/products/product-catalog/view/sap-abap-intermediate-level-new/,,Yes,No,K,Assessment Name: SAP ABAP (Intermediate Level) (New). Test Type: K. Remote Testing: Yes. Adaptive: No
SAP Basis (New),https://www.shl.com/products/product-catalog/view/sap-basis-new/,,Yes,No,K,Assessment Name: SAP Basis (New). Test Type: K. Remote Testing: Yes. Adaptive: No
SAP Business Objects WebI (New),https://www.shl.com/products/product-catalog/view/sap-business-objects-webi-new/,,Yes,No,K,Assessment Name: SAP Business Objects WebI (New). Test Type: K. Remote Testing: Yes. Adaptive: No
SAP BW (Business Warehouse) (New),https://www.shl.com/products/product-catalog/view/sap-bw-business-warehouse-new/,,Yes,No,K,Assessment Name: SAP BW (Business Warehouse) (New). Test Type: K. Remote Testing: Yes. Adaptive: No
SAP HCM (Human Capital Management) (New),https://www.shl.com/products/product-catalog/view/sap-hcm-human-capital-management-new/,,Yes,No,K,Assessment Name: SAP HCM (Human Capital Management) (New). Test Type: K. Remote Testing: Yes. Adaptive: No
SAP Hybris (New),https://www.shl.com/products/product-catalog/view/sap-hybris-new/,,Yes,No,K,Assessment Name: SAP Hybris (New). Test Type: K. Remote Testing: Yes. Adaptive: No
SAP Materials Management (New),https://www.shl.com/products/product-catalog/view/sap-materials-management-new/,,Yes,No,K,Assessment Name: SAP Materials Management (New). Test Type: K. Remote Testing: Yes. Adaptive: No
SAP SD (Sales and Distribution) (New),https://www.shl.com/products/product-catalog/view/sap-sd-sales-and-distribution-new/,,Yes,No,K,Assessment Name: SAP SD (Sales and Distribution) (New). Test Type: K. Remote Testing: Yes. Adaptive: No
Search Engine Optimization (New),https://www.shl.com/products/product-catalog/view/search-engine-optimization-new/,,Yes,No,K,Assessment Name: Search Engine Optimization (New). Test Type: K. Remote Testing: Yes. Adaptive: No
Selenium (New),https://www.shl.com/products/product-catalog/view/selenium-new/,,Yes,No,K,Assessment Name: Selenium (New). Test Type: K. Remote Testing: Yes. Adaptive: No
Shell Scripting (New),https://www.shl.com/products/product-catalog/view/shell-scripting-new/,,Yes,No,K,Assessment Name: Shell Scripting (New). Test Type: K. Remote Testing: Yes. Adaptive: No
SHL Verify Interactive - Inductive Reasoning,https://www.shl.com/products/product-catalog/view/shl-verify-interactive-inductive-reasoning/,,Yes,Yes,"A, S","Assessment Name: SHL Verify Interactive - Inductive Reasoning. Test Type: A, S. Remote Testing: Yes. Adaptive: Yes"
SHL Verify Interactive  Deductive Reasoning,https://www.shl.com/products/product-catalog/view/shl-verify-interactive-deductive-reasoning/,,Yes,Yes,"A, S","Assessment Name: SHL Verify Interactive  Deductive Reasoning. Test Type: A, S. Remote Testing: Yes. Adaptive: Yes"
SHL Verify Interactive  Numerical Reasoning,https://www.shl.com/products/product-catalog/view/shl-verify-interactive-numerical-reasoning/,,Yes,Yes,"A, S","Assessment Name: SHL Verify Interactive  Numerical Reasoning. Test Type: A, S. Remote Testing: Yes. Adaptive: Yes"
SHL Verify Interactive G+,https://www.shl.com/products/product-catalog/view/shl-verify-interactive-g/,,Yes,Yes,A,Assessment Name: SHL Verify Interactive G+. Test Type: A. Remote Testing: Yes. Adaptive: Yes
SHL Verify Interactive Numerical Calculation,https://www.shl.com/products/product-catalog/view/shl-verify-interactive-numerical-calculation/,,Yes,Yes,A,Assessment Name: SHL Verify Interactive Numerical Calculation. Test Type: A. Remote Testing: Yes. Adaptive: Yes
Siebel Development (New),https://www.shl.com/products/product-catalog/view/siebel-development-new/,,Yes,No,K,Assessment Name: Siebel Development (New). Test Type: K. Remote Testing: Yes. Adaptive: No
Smart Interview Live,https://www.shl.com/products/product-catalog/view/smart-interview-live/,,Yes,No,P,Assessment Name: Smart Interview Live. Test Type: P. Remote Testing: Yes. Adaptive: No
Smart Interview Live Coding,https://www.shl.com/products/product-catalog/view/smart-interview-live-coding/,,Yes,No,K,Assessment Name: Smart Interview Live Coding. Test Type: K. Remote Testing: Yes. Adaptive: No
Smart Interview On Demand,https://www.shl.com/products/product-catalog/view/smart-interview-on-demand/,,Yes,No,P,Assessment Name: Smart Interview On Demand. Test Type: P. Remote Testing: Yes. Adaptive: No
Social Media (New),https://www.shl.com/products/product-catalog/view/social-media-new/,,Yes,No,K,Assessment Name: Social Media (New). Test Type: K. Remote Testing: Yes. Adaptive: No
Software Business Analysis,https://www.shl.com/products/product-catalog/view/software-business-analysis/,,Yes,Yes,K,Assessment Name: Software Business Analysis. Test Type: K. Remote Testing: Yes. Adaptive: Yes
SonarQube (New),https://www.shl.com/products/product-catalog/view/sonarqube-new/,,Yes,No,K,Assessment Name: SonarQube (New). Test Type: K. Remote Testing: Yes. Adaptive: No
Spelling (U.S.) (New),https://www.shl.com/products/product-catalog/view/spelling-u-s-new/,,Yes,No,K,Assessment Name: Spelling (U.S.) (New). Test Type: K. Remote Testing: Yes. Adaptive: No
Split Screen Typing Test - Form 1,https://www.shl.com/products/product-catalog/view/split-screen-typing-test-form-1/,,Yes,No,"A, K","Assessment Name: Split Screen Typing Test - Form 1. Test Type: A, K. Remote Testing: Yes. Adaptive: No"
Spring (New),https://www.shl.com/products/product-catalog/view/spring-new/,,Yes,No,K,Assessment Name: Spring (New). Test Type: K. Remote Testing: Yes. Adaptive: No
SQL (New),https://www.shl.com/products/product-catalog/view/sql-new/,,Yes,No,K,Assessment Name: SQL (New). Test Type: K. Remote Testing: Yes. Adaptive: No
SQL Server (New),https://www.shl.com/products/product-catalog/view/sql-server-new/,,Yes,No,K,Assessment Name: SQL Server (New). Test Type: K. Remote Testing: Yes. Adaptive: No
SQL Server Analysis Services (SSAS) (New),https://www.shl.com/products/product-catalog/view/sql-server-analysis-services-%28ssas%29-%28new%29/,,Yes,No,K,Assessment Name: SQL Server Analysis Services (SSAS) (New). Test Type: K. Remote Testing: Yes. Adaptive: No
SQL Server Integration Services (SSIS) (New),https://www.shl.com/products/product-catalog/view/sql-server-integration-services-ssis-new/,,Yes,No,K,Assessment Name: SQL Server Integration Services (SSIS) (New). Test Type: K. Remote Testing: Yes. Adaptive: No
SQL Server Reporting Services (SSRS) (New),https://www.shl.com/products/product-catalog/view/sql-server-reporting-services-ssrs-new/,,Yes,No,K,Assessment Name: SQL Server Reporting Services (SSRS) (New). Test Type: K. Remote Testing: Yes. Adaptive: No
Statistical Analysis System (New),https://www.shl.com/products/product-catalog/view/statistical-analysis-system-new/,,Yes,No,K,Assessment Name: Statistical Analysis System (New). Test Type: K. Remote Testing: Yes. Adaptive: No
Struts (New),https://www.shl.com/products/product-catalog/view/struts-new/,,Yes,No,K,Assessment Name: Struts (New). Test Type: K. Remote Testing: Yes. Adaptive: No
SVAR - Spoken English (AUS),https://www.shl.com/products/product-catalog/view/svar-spoken-english-aus/,,Yes,No,S,Assessment Name: SVAR - Spoken English (AUS). Test Type: S. Remote Testing: Yes. Adaptive: No
SVAR - Spoken English (Indian Accent)  (New),https://www.shl.com/products/product-catalog/view/svar-spoken-english-indian-accent-new/,,Yes,No,S,Assessment Name: SVAR - Spoken English (Indian Accent)  (New). Test Type: S. Remote Testing: Yes. Adaptive: No
SVAR - Spoken English (U.K.),https://www.shl.com/products/product-catalog/view/svar-spoken-english-u-k/,,Yes,No,S,Assessment Name: SVAR - Spoken English (U.K.). Test Type: S. Remote Testing: Yes. Adaptive: No
SVAR - Spoken English (US)  (New),https://www.shl.com/products/product-catalog/view/svar-spoken-english-us-new/,,Yes,No,S,Assessment Name: SVAR - Spoken English (US)  (New). Test Type: S. Remote Testing: Yes. Adaptive: No
SVAR - Spoken French (Canadian) (New),https://www.shl.com/products/product-catalog/view/svar-spoken-french-canadian-new/,,Yes,No,S,Assessment Name: SVAR - Spoken French (Canadian) (New). Test Type: S. Remote Testing: Yes. Adaptive: No
SVAR - Spoken French (European) (New),https://www.shl.com/products/product-catalog/view/svar-spoken-french-european-new/,,Yes,No,S,Assessment Name: SVAR - Spoken French (European) (New). Test Type: S. Remote Testing: Yes. Adaptive: No
SVAR - Spoken Spanish (Castilian) (New),https://www.shl.com/products/product-catalog/view/svar-spoken-spanish-castilian-new/,,Yes,No,S,Assessment Name: SVAR - Spoken Spanish (Castilian) (New). Test Type: S. Remote Testing: Yes. Adaptive: No
SVAR - Spoken Spanish (North American) (New),https://www.shl.com/products/product-catalog/view/svar-spoken-spanish-north-american-new/,,Yes,No,S,Assessment Name: SVAR - Spoken Spanish (North American) (New). Test Type: S. Remote Testing: Yes. Adaptive: No
Swing (New),https://www.shl.com/products/product-catalog/view/swing-new/,,Yes,No,K,Assessment Name: Swing (New). Test Type: K. Remote Testing: Yes. Adaptive: No
Tableau (New),https://www.shl.com/products/product-catalog/view/tableau-new/,,Yes,No,K,Assessment Name: Tableau (New). Test Type: K. Remote Testing: Yes. Adaptive: No
Telecommunications Engineering (New),https://www.shl.com/products/product-catalog/view/telecommunications-engineering-new/,,Yes,No,K,Assessment Name: Telecommunications Engineering (New). Test Type: K. Remote Testing: Yes. Adaptive: No
Teradata Development (New),https://www.shl.com/products/product-catalog/view/teradata-development-new/,,Yes,No,K,Assessment Name: Teradata Development (New). Test Type: K. Remote Testing: Yes. Adaptive: No
Time Management (U.S.),https://www.shl.com/products/product-catalog/view/time-management-u-s/,,Yes,Yes,K,Assessment Name: Time Management (U.S.). Test Type: K. Remote Testing: Yes. Adaptive: Yes
Training Development,https://www.shl.com/products/product-catalog/view/training-development/,,Yes,Yes,K,Assessment Name: Training Development. Test Type: K. Remote Testing: Yes. Adaptive: Yes
Typing (New),https://www.shl.com/products/product-catalog/view/typing-new/,,Yes,No,S,Assessment Name: Typing (New). Test Type: S. Remote Testing: Yes. Adaptive: No
UiPath RPA Development (New),https://www.shl.com/products/product-catalog/view/uipath-rpa-development-new/,,Yes,No,K,Assessment Name: UiPath RPA Development (New). Test Type: K. Remote Testing: Yes. Adaptive: No
Universal Competency Framework Interview Guide,https://www.shl.com/products/product-catalog/view/universal-competency-framework-interview-guide/,,Yes,No,"C, P","Assessment Name: Universal Competency Framework Interview Guide. Test Type: C, P. Remote Testing: Yes. Adaptive: No"
Universal Competency Framework Job profiling guide,https://www.shl.com/products/product-catalog/view/universal-competency-framework-job-profiling-guide/,,Yes,No,"C, P","Assessment Name: Universal Competency Framework Job profiling guide. Test Type: C, P. Remote Testing: Yes. Adaptive: No"
Universal Competency Framework Profiler Cards (44),https://www.shl.com/products/product-catalog/view/universal-competency-framework-profiler-cards-44/,,Yes,No,"C, P","Assessment Name: Universal Competency Framework Profiler Cards (44). Test Type: C, P. Remote Testing: Yes. Adaptive: No"
UNIX (New),https://www.shl.com/products/product-catalog/view/unix-new/,,Yes,No,K,Assessment Name: UNIX (New). Test Type: K. Remote Testing: Yes. Adaptive: No
VB.NET (New),https://www.shl.com/products/product-catalog/view/vb-net-new/,,Yes,No,K,Assessment Name: VB.NET (New). Test Type: K. Remote Testing: Yes. Adaptive: No
Verify - Deductive Reasoning,https://www.shl.com/products/product-catalog/view/verify-deductive-reasoning/,,Yes,Yes,A,Assessment Name: Verify - Deductive Reasoning. Test Type: A. Remote Testing: Yes. Adaptive: Yes
Verify - Following Instructions,https://www.shl.com/products/product-catalog/view/verify-following-instructions/,,Yes,No,A,Assessment Name: Verify - Following Instructions. Test Type: A. Remote Testing: Yes. Adaptive: No
Verify - G+,https://www.shl.com/products/product-catalog/view/verify-g/,,Yes,Yes,A,Assessment Name: Verify - G+. Test Type: A. Remote Testing: Yes. Adaptive: Yes
Verify - General Ability Screen,https://www.shl.com/products/product-catalog/view/verify-general-ability-screen/,,Yes,Yes,A,Assessment Name: Verify - General Ability Screen. Test Type: A. Remote Testing: Yes. Adaptive: Yes
Verify - Inductive Reasoning (2014),https://www.shl.com/products/product-catalog/view/verify-inductive-reasoning-2014/,,Yes,Yes,A,Assessment Name: Verify - Inductive Reasoning (2014). Test Type: A. Remote Testing: Yes. Adaptive: Yes
Verify - Numerical Ability,https://www.shl.com/products/product-catalog/view/verify-numerical-ability/,,Yes,Yes,A,Assessment Name: Verify - Numerical Ability. Test Type: A. Remote Testing: Yes. Adaptive: Yes
Verify - Technical Checking - Next Generation,https://www.shl.com/products/product-catalog/view/verify-technical-checking-next-generation/,,Yes,No,A,Assessment Name: Verify - Technical Checking - Next Generation. Test Type: A. Remote Testing: Yes. Adaptive: No
Verify - Verbal Ability - Next Generation,https://www.shl.com/products/product-catalog/view/verify-verbal-ability-next-generation/,,Yes,Yes,A,Assessment Name: Verify - Verbal Ability - Next Generation. Test Type: A. Remote Testing: Yes. Adaptive: Yes
Verify - Working with Information,https://www.shl.com/products/product-catalog/view/verify-working-with-information/,,Yes,No,A,Assessment Name: Verify - Working with Information. Test Type: A. Remote Testing: Yes. Adaptive: No
Verify G+ - Ability Test Report,https://www.shl.com/products/product-catalog/view/verify-g-ability-test-report/,,Yes,No,A,Assessment Name: Verify G+ - Ability Test Report. Test Type: A. Remote Testing: Yes. Adaptive: No
Verify G+ - Candidate Report,https://www.shl.com/products/product-catalog/view/verify-g-candidate-report/,,Yes,No,A,Assessment Name: Verify G+ - Candidate Report. Test Type: A. Remote Testing: Yes. Adaptive: No
Verify Interactive Ability Report,https://www.shl.com/products/product-catalog/view/verify-interactive-ability-report/,,Yes,No,A,Assessment Name: Verify Interactive Ability Report. Test Type: A. Remote Testing: Yes. Adaptive: No
Verify Interactive G+ Candidate Report,https://www.shl.com/products/product-catalog/view/verify-interactive-g-candidate-report/,,Yes,No,A,Assessment Name: Verify Interactive G+ Candidate Report. Test Type: A. Remote Testing: Yes. Adaptive: No
Verify Interactive G+ Report,https://www.shl.com/products/product-catalog/view/verify-interactive-g-report/,,Yes,No,A,Assessment Name: Verify Interactive G+ Report. Test Type: A. Remote Testing: Yes. Adaptive: No
Verify Interactive Process Monitoring,https://www.shl.com/products/product-catalog/view/verify-interactive-process-monitoring/,,Yes,No,A,Assessment Name: Verify Interactive Process Monitoring. Test Type: A. Remote Testing: Yes. Adaptive: No
Virtual Assessment and Development Centers,https://www.shl.com/products/product-catalog/view/virtual-assessment-and-development-centers/,,Yes,No,P,Assessment Name: Virtual Assessment and Development Centers. Test Type: P. Remote Testing: Yes. Adaptive: No
Visual Basic for Applications (New),https://www.shl.com/products/product-catalog/view/visual-basic-for-applications-new/,,Yes,No,K,Assessment Name: Visual Basic for Applications (New). Test Type: K. Remote Testing: Yes. Adaptive: No
Visual Comparison - UK,https://www.shl.com/products/product-catalog/view/visual-comparison-uk/,,Yes,No,K,Assessment Name: Visual Comparison - UK. Test Type: K. Remote Testing: Yes. Adaptive: No
Visual Comparison - US,https://www.shl.com/products/product-catalog/view/visual-comparison-us/,,Yes,No,K,Assessment Name: Visual Comparison - US. Test Type: K. Remote Testing: Yes. Adaptive: No
VLSI and Embedded Systems (New),https://www.shl.com/products/product-catalog/view/vlsi-and-embedded-systems-new/,,Yes,No,K,Assessment Name: VLSI and Embedded Systems (New). Test Type: K. Remote Testing: Yes. Adaptive: No
What Is The Value - US,https://www.shl.com/products/product-catalog/view/what-is-the-value-us/,,Yes,Yes,K,Assessment Name: What Is The Value - US. Test Type: K. Remote Testing: Yes. Adaptive: Yes
Workplace Administration Skills (New),https://www.shl.com/products/product-catalog/view/workplace-administration-skills-new/,,Yes,No,K,Assessment Name: Workplace Administration Skills (New). Test Type: K. Remote Testing: Yes. Adaptive: No
Workplace Health and Safety (New),https://www.shl.com/products/product-catalog/view/workplace-health-and-safety-new/,,Yes,No,K,Assessment Name: Workplace Health and Safety (New). Test Type: K. Remote Testing: Yes. Adaptive: No
WriteX - Email Writing (Customer Service) (New),https://www.shl.com/products/product-catalog/view/writex-email-writing-customer-service-new/,,Yes,No,S,Assessment Name: WriteX - Email Writing (Customer Service) (New). Test Type: S. Remote Testing: Yes. Adaptive: No
WriteX - Email Writing (Managerial) (New),https://www.shl.com/products/product-catalog/view/writex-email-writing-managerial-new/,,Yes,No,S,Assessment Name: WriteX - Email Writing (Managerial) (New). Test Type: S. Remote Testing: Yes. Adaptive: No
WriteX - Email Writing (Sales) (New),https://www.shl.com/products/product-catalog/view/writex-email-writing-sales-new/,,Yes,No,"B, S","Assessment Name: WriteX - Email Writing (Sales) (New). Test Type: B, S. Remote Testing: Yes. Adaptive: No"
Written English v1,https://www.shl.com/products/product-catalog/view/written-english-v1/,,Yes,Yes,K,Assessment Name: Written English v1. Test Type: K. Remote Testing: Yes. Adaptive: Yes
Written Spanish,https://www.shl.com/products/product-catalog/view/written-spanish/,,Yes,Yes,K,Assessment Name: Written Spanish. Test Type: K. Remote Testing: Yes. Adaptive: Yes
Zabbix (New),https://www.shl.com/products/product-catalog/view/zabbix-new/,,Yes,No,K,Assessment Name: Zabbix (New). Test Type: K. Remote Testing: Yes. Adaptive: No
360 Digital Report,https://www.shl.com/products/product-catalog/view/360-digital-report/,,Yes,No,D,Assessment Name: 360 Digital Report. Test Type: D. Remote Testing: Yes. Adaptive: No
360 Multi-Rater Feedback System (MFS),https://www.shl.com/products/product-catalog/view/360-multi-rater-feedback-system-mfs/,,Yes,No,"D, P","Assessment Name: 360 Multi-Rater Feedback System (MFS). Test Type: D, P. Remote Testing: Yes. Adaptive: No"
