name,url,duration,remote_testing,adaptive_irt,test_type
Account Manager Solution,https://www.shl.com/products/product-catalog/view/account-manager-solution/,N/A,Yes,Yes,"C, P, A, B"
Administrative Professional - Short Form,https://www.shl.com/products/product-catalog/view/administrative-professional-short-form/,N/A,Yes,Yes,"A, K, P"
Agency Manager Solution,https://www.shl.com/products/product-catalog/view/agency-manager-solution/,N/A,Yes,Yes,"A, B, P, S"
Apprentice + 8.0 Job Focused Assessment,https://www.shl.com/products/product-catalog/view/apprentice-8-0-job-focused-assessment-4261/,N/A,Yes,No,"B, P"
Apprentice 8.0 Job Focused Assessment,https://www.shl.com/products/product-catalog/view/apprentice-8-0-job-focused-assessment/,N/A,Yes,No,"B, P"
Bank Administrative Assistant - Short Form,https://www.shl.com/products/product-catalog/view/bank-administrative-assistant-short-form/,N/A,Yes,No,"A, B, K, P"
Bank Collections Agent - Short Form,https://www.shl.com/products/product-catalog/view/bank-collections-agent-short-form/,N/A,Yes,No,"A, B, P"
Bank Operations Supervisor - Short Form,https://www.shl.com/products/product-catalog/view/bank-operations-supervisor-short-form/,N/A,Yes,Yes,"A, B, P, S"
Bilingual Spanish Reservation Agent Solution,https://www.shl.com/products/product-catalog/view/bilingual-spanish-reservation-agent-solution/,N/A,Yes,Yes,"B, P, S, A"
"Bookkeeping, Accounting, Auditing Clerk Short Form",https://www.shl.com/products/product-catalog/view/bookkeeping-accounting-auditing-clerk-short-form/,N/A,Yes,Yes,"P, S, K, B, A"
Branch Manager - Short Form,https://www.shl.com/products/product-catalog/view/branch-manager-short-form/,N/A,Yes,No,"A, B, P"
Cashier Solution,https://www.shl.com/products/product-catalog/view/cashier-solution/,N/A,Yes,Yes,"B, A, P"
Adobe Experience Manager (New),https://www.shl.com/products/product-catalog/view/adobe-experience-manager-new/,N/A,Yes,No,K
Adobe Photoshop CC,https://www.shl.com/products/product-catalog/view/adobe-photoshop-cc/,N/A,Yes,Yes,K
Aeronautical Engineering (New),https://www.shl.com/products/product-catalog/view/aeronautical-engineering-new/,N/A,Yes,No,K
Aerospace Engineering (New),https://www.shl.com/products/product-catalog/view/aerospace-engineering-new/,N/A,Yes,No,K
Agile Software Development,https://www.shl.com/products/product-catalog/view/agile-software-development/,N/A,Yes,No,K
Agile Testing (New),https://www.shl.com/products/product-catalog/view/agile-testing-new/,N/A,Yes,No,K
AI Skills,https://www.shl.com/products/product-catalog/view/ai-skills/,N/A,Yes,No,P
Amazon Web Services (AWS) Development (New),https://www.shl.com/products/product-catalog/view/amazon-web-services-aws-development-new/,N/A,Yes,No,K
Android Development (New),https://www.shl.com/products/product-catalog/view/android-development-new/,N/A,Yes,No,K
Angular 6 (New),https://www.shl.com/products/product-catalog/view/angular-6-new/,N/A,Yes,No,K
AngularJS (New),https://www.shl.com/products/product-catalog/view/angularjs-new/,N/A,Yes,No,K
Apache Hadoop (New),https://www.shl.com/products/product-catalog/view/apache-hadoop-new/,N/A,Yes,No,K
Apache Hadoop Extensions (New),https://www.shl.com/products/product-catalog/view/apache-hadoop-extensions-new/,N/A,Yes,No,K
Apache HBase (New),https://www.shl.com/products/product-catalog/view/apache-hbase-new/,N/A,Yes,No,K
Apache Hive (New),https://www.shl.com/products/product-catalog/view/apache-hive-new/,N/A,Yes,No,K
Apache Kafka (New),https://www.shl.com/products/product-catalog/view/apache-kafka-new/,N/A,Yes,No,K
Apache Pig (New),https://www.shl.com/products/product-catalog/view/apache-pig-new/,N/A,Yes,No,K
Apache Spark (New),https://www.shl.com/products/product-catalog/view/apache-spark-new/,N/A,Yes,No,K
ASP .NET with C# (New),https://www.shl.com/products/product-catalog/view/asp-net-with-c-new/,N/A,Yes,No,K
ASP.NET 4.5,https://www.shl.com/products/product-catalog/view/asp-net-4-5/,N/A,Yes,Yes,K
Assessment and Development Center Exercises,https://www.shl.com/products/product-catalog/view/assessment-and-development-center-exercises/,N/A,Yes,No,E
Automata - Fix (New),https://www.shl.com/products/product-catalog/view/automata-fix-new/,N/A,Yes,No,S
Automata - SQL (New),https://www.shl.com/products/product-catalog/view/automata-sql-new/,N/A,Yes,No,S
Automata (New),https://www.shl.com/products/product-catalog/view/automata-new/,N/A,Yes,No,S
Automata Data Science (New),https://www.shl.com/products/product-catalog/view/automata-data-science-new/,N/A,Yes,No,S
Automata Data Science Pro (New),https://www.shl.com/products/product-catalog/view/automata-data-science-pro-new/,N/A,Yes,No,S
Automata Front End,https://www.shl.com/products/product-catalog/view/automata-front-end/,N/A,Yes,No,S
Automata Pro (New),https://www.shl.com/products/product-catalog/view/automata-pro-new/,N/A,Yes,No,S
Automata Selenium,https://www.shl.com/products/product-catalog/view/automata-selenium/,N/A,Yes,No,S
Automation Anywhere RPA Development (New),https://www.shl.com/products/product-catalog/view/automation-anywhere-rpa-development-new/,N/A,Yes,No,K
Automotive Engineering (New),https://www.shl.com/products/product-catalog/view/automotive-engineering-new/,N/A,Yes,No,K
Basic Biology (New),https://www.shl.com/products/product-catalog/view/basic-biology-new/,N/A,Yes,No,K
Basic Computer Literacy (Windows 10) (New),https://www.shl.com/products/product-catalog/view/basic-computer-literacy-windows-10-new/,N/A,Yes,No,"S, K"
Basic Statistics (New),https://www.shl.com/products/product-catalog/view/basic-statistics-new/,N/A,Yes,No,K
Biochemistry (New),https://www.shl.com/products/product-catalog/view/biochemistry-new/,N/A,Yes,No,K
Biotech Lab Techniques (New),https://www.shl.com/products/product-catalog/view/biotech-lab-techniques-new/,N/A,Yes,No,K
BizTalk (New),https://www.shl.com/products/product-catalog/view/biztalk-new/,N/A,Yes,No,K
Business Communication (adaptive),https://www.shl.com/products/product-catalog/view/business-communication-adaptive/,N/A,Yes,Yes,K
Business Communications,https://www.shl.com/products/product-catalog/view/business-communications/,N/A,Yes,No,K
C Programming (New),https://www.shl.com/products/product-catalog/view/c-programming-new/,N/A,Yes,No,K
C# Programming (New),https://www.shl.com/products/product-catalog/view/c-programming-new-4039/,N/A,Yes,No,K
C++ Programming (New),https://www.shl.com/products/product-catalog/view/c-programming-new-4122/,N/A,Yes,No,K
Cardiology and Diabetes Management (New),https://www.shl.com/products/product-catalog/view/cardiology-and-diabetes-management-new/,N/A,Yes,No,K
Ceramic Engineering (New),https://www.shl.com/products/product-catalog/view/ceramic-engineering-new/,N/A,Yes,No,K
Chemical Engineering (New),https://www.shl.com/products/product-catalog/view/chemical-engineering-new/,N/A,Yes,No,K
Cisco AppDynamics (New),https://www.shl.com/products/product-catalog/view/cisco-appdynamics-new/,N/A,Yes,No,K
Civil Engineering (New),https://www.shl.com/products/product-catalog/view/civil-engineering-new/,N/A,Yes,No,K
Cloud Computing (New),https://www.shl.com/products/product-catalog/view/cloud-computing-new/,N/A,Yes,No,K
COBOL Programming (New),https://www.shl.com/products/product-catalog/view/cobol-programming-new/,N/A,Yes,No,K
Computer Science (New),https://www.shl.com/products/product-catalog/view/computer-science-new/,N/A,Yes,No,K
Contact Center Call Simulation (New),https://www.shl.com/products/product-catalog/view/contact-center-call-simulation-new/,N/A,Yes,No,S
Conversational Multichat Simulation,https://www.shl.com/products/product-catalog/view/conversational-multichat-simulation/,N/A,Yes,No,S
Core Java (Advanced Level) (New),https://www.shl.com/products/product-catalog/view/core-java-advanced-level-new/,N/A,Yes,No,K
Core Java (Entry Level) (New),https://www.shl.com/products/product-catalog/view/core-java-entry-level-new/,N/A,Yes,No,K
Count Out The Money,https://www.shl.com/products/product-catalog/view/count-out-the-money/,N/A,Yes,Yes,"K, S"
CSS3 (New),https://www.shl.com/products/product-catalog/view/css3-new/,N/A,Yes,No,K
Culinary Skills (New),https://www.shl.com/products/product-catalog/view/culinary-skills-new/,N/A,Yes,No,K
Customer Service Phone Simulation,https://www.shl.com/products/product-catalog/view/customer-service-phone-simulation/,N/A,Yes,No,"B, S"
Customer Service Phone Solution,https://www.shl.com/products/product-catalog/view/customer-service-phone-solution/,N/A,Yes,No,"B, P, S"
Cyber Risk (New),https://www.shl.com/products/product-catalog/view/cyber-risk-new/,N/A,Yes,No,K
Data Entry (New),https://www.shl.com/products/product-catalog/view/data-entry-new/,N/A,Yes,No,S
Data Entry Alphanumeric Split Screen - US,https://www.shl.com/products/product-catalog/view/data-entry-alphanumeric-split-screen-us/,N/A,Yes,No,K
Data Entry Numeric Split Screen - US,https://www.shl.com/products/product-catalog/view/data-entry-numeric-split-screen-us/,N/A,Yes,No,K
Data Entry Ten Key Split Screen,https://www.shl.com/products/product-catalog/view/data-entry-ten-key-split-screen/,N/A,Yes,No,K
Data Science (New),https://www.shl.com/products/product-catalog/view/data-science-new/,N/A,Yes,No,K
Data Warehousing Concepts,https://www.shl.com/products/product-catalog/view/data-warehousing-concepts/,N/A,Yes,Yes,K
Dependability and Safety Instrument (DSI),https://www.shl.com/products/product-catalog/view/dependability-and-safety-instrument-dsi/,N/A,Yes,No,P
Dermatology (New),https://www.shl.com/products/product-catalog/view/dermatology-new/,N/A,Yes,No,K
Desktop Support (New),https://www.shl.com/products/product-catalog/view/desktop-support-new/,N/A,Yes,No,K
Digital Advertising (New),https://www.shl.com/products/product-catalog/view/digital-advertising-new/,N/A,Yes,No,K
Digital Readiness Development Report - IC,https://www.shl.com/products/product-catalog/view/digital-readiness-development-report/,N/A,Yes,No,P
Digital Readiness Development Report - Manager,https://www.shl.com/products/product-catalog/view/digital-readiness-development-report-manager/,N/A,Yes,No,P
Docker (New),https://www.shl.com/products/product-catalog/view/docker-new/,N/A,Yes,No,K
Dojo (New),https://www.shl.com/products/product-catalog/view/dojo-new/,N/A,Yes,No,K
Drupal (New),https://www.shl.com/products/product-catalog/view/drupal-new/,N/A,Yes,No,K
DSI v1.1 Interpretation Report,https://www.shl.com/products/product-catalog/view/dsi-v1-1-interpretation-report/,N/A,Yes,No,P
Econometrics (New),https://www.shl.com/products/product-catalog/view/econometrics-new/,N/A,Yes,No,K
Economics (New),https://www.shl.com/products/product-catalog/view/economics-new/,N/A,Yes,No,K
Electrical and Electronics Engineering (New),https://www.shl.com/products/product-catalog/view/electrical-and-electronics-engineering-new/,N/A,Yes,No,K
Electrical Engineering (New),https://www.shl.com/products/product-catalog/view/electrical-engineering-new/,N/A,Yes,No,K
Electronics & Telecommunications Engineering (New),https://www.shl.com/products/product-catalog/view/electronics-and-telecommunications-engineering-new/,N/A,Yes,No,K
Electronics and Embedded Systems Engineering (New),https://www.shl.com/products/product-catalog/view/electronics-and-embedded-systems-engineering-new/,N/A,Yes,No,K
Electronics and Semiconductor Engineering (New),https://www.shl.com/products/product-catalog/view/electronics-and-semiconductor-engineering-new/,N/A,Yes,No,K
English Comprehension (New),https://www.shl.com/products/product-catalog/view/english-comprehension-new/,N/A,Yes,No,K
Enterprise Java Beans (New),https://www.shl.com/products/product-catalog/view/enterprise-java-beans-new/,N/A,Yes,No,K
Enterprise Leadership Report 1.0,https://www.shl.com/products/product-catalog/view/enterprise-leadership-report/,N/A,Yes,No,P
Enterprise Leadership Report 2.0,https://www.shl.com/products/product-catalog/view/enterprise-leadership-report-2-0/,N/A,Yes,No,P
Entry Level Cashier Solution,https://www.shl.com/products/product-catalog/view/entry-level-cashier-solution/,N/A,Yes,No,"C, P"
Entry Level Customer Serv-Retail & Contact Center,https://www.shl.com/products/product-catalog/view/entry-level-customer-serv-retail-and-contact-center/,N/A,Yes,No,"P, C"
Entry Level Customer Service (General) Solution,https://www.shl.com/products/product-catalog/view/entry-level-customer-service-general-solution/,N/A,Yes,No,"C, P"
Entry Level Hotel Front Desk Solution,https://www.shl.com/products/product-catalog/view/entry-level-hotel-front-desk-solution/,N/A,Yes,No,"C, P"
Entry Level Sales Solution,https://www.shl.com/products/product-catalog/view/entry-level-sales-solution/,N/A,Yes,No,"C, P"
Entry Level Technical Support Solution,https://www.shl.com/products/product-catalog/view/entry-level-technical-support-solution/,N/A,Yes,No,"P, C"
ETL Testing (New),https://www.shl.com/products/product-catalog/view/etl-testing-new/,N/A,Yes,No,K
Executive Scenarios,https://www.shl.com/products/product-catalog/view/executive-scenarios/,N/A,Yes,No,B
Executive Scenarios Narrative Report,https://www.shl.com/products/product-catalog/view/executive-scenarios-narrative-report/,N/A,Yes,No,B
Executive Scenarios Profile Report,https://www.shl.com/products/product-catalog/view/executive-scenarios-profile-report/,N/A,Yes,No,B
ExpressJS (New),https://www.shl.com/products/product-catalog/view/expressjs-new/,N/A,Yes,No,K
Filing - Names (R1),https://www.shl.com/products/product-catalog/view/filing-names-r1/,N/A,Yes,No,K
Filing - Numbers,https://www.shl.com/products/product-catalog/view/filing-numbers/,N/A,Yes,No,K
Financial Accounting (New),https://www.shl.com/products/product-catalog/view/financial-accounting-new/,N/A,Yes,No,K
Financial and Banking Services (New),https://www.shl.com/products/product-catalog/view/financial-and-banking-services-new/,N/A,Yes,No,K
Fire Engineering (New),https://www.shl.com/products/product-catalog/view/fire-engineering-new/,N/A,Yes,No,K
Following Instructions v1 - UK (R1),https://www.shl.com/products/product-catalog/view/following-instructions-v1-uk-r1/,N/A,Yes,No,K
Following Instructions v1 - US (R2),https://www.shl.com/products/product-catalog/view/following-instructions-v1-us-r2/,N/A,Yes,No,K
Food and Beverage Services (New),https://www.shl.com/products/product-catalog/view/food-and-beverage-services-new/,N/A,Yes,No,K
Food Science (New),https://www.shl.com/products/product-catalog/view/food-science-new/,N/A,Yes,No,K
Front Office Management (New),https://www.shl.com/products/product-catalog/view/front-office-management-new/,N/A,Yes,No,K
Fundamentals of Chemistry (New),https://www.shl.com/products/product-catalog/view/fundamentals-of-chemistry-new/,N/A,Yes,No,K
Fundamentals of Physics (New),https://www.shl.com/products/product-catalog/view/fundamentals-of-physics-new/,N/A,Yes,No,K
General Diseases (New),https://www.shl.com/products/product-catalog/view/general-diseases-new/,N/A,Yes,No,K
Geoinformatics Engineering (New),https://www.shl.com/products/product-catalog/view/geoinformatics-engineering-new/,N/A,Yes,No,K
Geoscience Engineering (New),https://www.shl.com/products/product-catalog/view/geoscience-engineering-new/,N/A,Yes,No,K
GIT (New),https://www.shl.com/products/product-catalog/view/git-new/,N/A,Yes,No,K
Global Skills Assessment,https://www.shl.com/products/product-catalog/view/global-skills-assessment/,N/A,Yes,No,"C, K"
Graduate Scenarios,https://www.shl.com/products/product-catalog/view/graduate-scenarios/,N/A,Yes,No,B
Graduate Scenarios Narrative Report,https://www.shl.com/products/product-catalog/view/graduate-scenarios-narrative-report/,N/A,Yes,No,B
Graduate Scenarios Profile Report,https://www.shl.com/products/product-catalog/view/graduate-scenarios-profile-report/,N/A,Yes,No,B
Hibernate (New),https://www.shl.com/products/product-catalog/view/hibernate-new/,N/A,Yes,No,K
HIPAA (Security),https://www.shl.com/products/product-catalog/view/hipaa-security/,N/A,Yes,Yes,K
HiPo Assessment Report 1.0,https://www.shl.com/products/product-catalog/view/hipo-assessment-report-1-0/,N/A,Yes,No,"C, P"
HiPo Assessment Report 2.0,https://www.shl.com/products/product-catalog/view/hipo-assessment-report-2-0/,N/A,Yes,No,"C, P"
HiPo Unlocking Potential Report 2.0,https://www.shl.com/products/product-catalog/view/hipo-unlocking-potential-report-2-0/,N/A,Yes,No,C
Housekeeping (New),https://www.shl.com/products/product-catalog/view/housekeeping-new/,N/A,Yes,No,K
HTML/CSS (New),https://www.shl.com/products/product-catalog/view/htmlcss-new/,N/A,Yes,No,K
HTML5 (New),https://www.shl.com/products/product-catalog/view/html5-new/,N/A,Yes,No,K
Human Resources (New),https://www.shl.com/products/product-catalog/view/human-resources-new/,N/A,Yes,No,K
IBM DataStage (New),https://www.shl.com/products/product-catalog/view/ibm-datastage-new/,N/A,Yes,No,K
IBM Sterling Order Management System (New),https://www.shl.com/products/product-catalog/view/ibm-sterling-order-management-system-new/,N/A,Yes,No,K
Industrial Engineering (New),https://www.shl.com/products/product-catalog/view/industrial-engineering-new/,N/A,Yes,No,K
Informatica (Architecture) (New),https://www.shl.com/products/product-catalog/view/informatica-architecture-new/,N/A,Yes,No,K
Informatica (Developer) (New),https://www.shl.com/products/product-catalog/view/informatica-developer-new/,N/A,Yes,No,K
Instrumentation Engineering (New),https://www.shl.com/products/product-catalog/view/instrumentation-engineering-new/,N/A,Yes,No,K
Interpersonal Communications,https://www.shl.com/products/product-catalog/view/interpersonal-communications/,N/A,Yes,Yes,K
Interviewing and Hiring Concepts (U.S.),https://www.shl.com/products/product-catalog/view/interviewing-and-hiring-concepts-u-s/,N/A,Yes,Yes,K
iOS Development (New),https://www.shl.com/products/product-catalog/view/ios-development-new/,N/A,Yes,No,K
ITIL (IT Infrastructure Library) (New),https://www.shl.com/products/product-catalog/view/itil-it-infrastructure-library-new/,N/A,Yes,No,K
Java 2 Platform Enterprise Edition 1.4 Fundamental,https://www.shl.com/products/product-catalog/view/java-2-platform-enterprise-edition-1-4-fundamental/,N/A,Yes,Yes,K
Java 8 (New),https://www.shl.com/products/product-catalog/view/java-8-new/,N/A,Yes,No,K
Java Design Patterns (New),https://www.shl.com/products/product-catalog/view/java-design-patterns-new/,N/A,Yes,No,K
Java Frameworks (New),https://www.shl.com/products/product-catalog/view/java-frameworks-new/,N/A,Yes,No,K
Java Platform Enterprise Edition 7 (Java EE 7),https://www.shl.com/products/product-catalog/view/java-platform-enterprise-edition-7-java-ee-7/,N/A,Yes,Yes,K
Java Web Services (New),https://www.shl.com/products/product-catalog/view/java-web-services-new/,N/A,Yes,No,K
JavaScript (New),https://www.shl.com/products/product-catalog/view/javascript-new/,N/A,Yes,No,K
Jenkins (New),https://www.shl.com/products/product-catalog/view/jenkins-new/,N/A,Yes,No,K
Job Control Language (New),https://www.shl.com/products/product-catalog/view/job-control-language-new/,N/A,Yes,No,K
jQuery (New),https://www.shl.com/products/product-catalog/view/jquery-new/,N/A,Yes,No,K
Kubernetes (New),https://www.shl.com/products/product-catalog/view/kubernetes-new/,N/A,Yes,No,K
Linux Administration (New),https://www.shl.com/products/product-catalog/view/linux-administration-new/,N/A,Yes,No,K
Linux Operating System,https://www.shl.com/products/product-catalog/view/linux-operating-system/,N/A,Yes,No,K
Linux Programming (General),https://www.shl.com/products/product-catalog/view/linux-programming-general/,N/A,Yes,Yes,K
Load Runner (New),https://www.shl.com/products/product-catalog/view/load-runner-new/,N/A,Yes,No,K
Management Scenarios,https://www.shl.com/products/product-catalog/view/management-scenarios/,N/A,Yes,No,B
Managerial Scenarios Candidate Report,https://www.shl.com/products/product-catalog/view/managerial-scenarios-candidate-report/,N/A,Yes,No,B
Managerial Scenarios Narrative Report,https://www.shl.com/products/product-catalog/view/managerial-scenarios-narrative-report/,N/A,Yes,No,B
Managerial Scenarios Profile Report,https://www.shl.com/products/product-catalog/view/managerial-scenarios-profile-report/,N/A,Yes,No,B
Manual Testing (New),https://www.shl.com/products/product-catalog/view/manual-testing-new/,N/A,Yes,No,K
Manufac. & Indust. - Mechanical & Vigilance 8.0,https://www.shl.com/products/product-catalog/view/mechanical-and-vigilance-focus-8-0/,N/A,Yes,No,"A, P"
Manufac. & Indust. - Safety & Dependability 8.0,https://www.shl.com/products/product-catalog/view/safety-and-dependability-focus-8-0/,N/A,Yes,No,P
Manufacturing & Industrial - Essential Focus 8.0,https://www.shl.com/products/product-catalog/view/essential-focus-8-0/,N/A,Yes,No,P
Manufacturing & Industrial - Mechanical Focus 8.0,https://www.shl.com/products/product-catalog/view/mechanical-focus-8-0/,N/A,Yes,No,"A, P"
Manufacturing & Industrial - Vigilance Focus 8.0,https://www.shl.com/products/product-catalog/view/vigilance-focus-8-0/,N/A,Yes,No,"A, P"
Marketing (New),https://www.shl.com/products/product-catalog/view/marketing-new/,N/A,Yes,No,K
Maven (New),https://www.shl.com/products/product-catalog/view/maven-new/,N/A,Yes,No,K
Mechanical Engineering (New),https://www.shl.com/products/product-catalog/view/mechanical-engineering-new/,N/A,Yes,No,K
Mechatronics Engineering (New),https://www.shl.com/products/product-catalog/view/mechatronics-engineering-new/,N/A,Yes,No,K
Medical Terminology (New),https://www.shl.com/products/product-catalog/view/medical-terminology-new/,N/A,Yes,No,K
Metallurgical Engineering (New),https://www.shl.com/products/product-catalog/view/metallurgical-engineering-new/,N/A,Yes,No,K
MFS 360 Enterprise Leadership Report,https://www.shl.com/products/product-catalog/view/mfs-360-enterprise-leadership-report/,N/A,Yes,No,D
MFS 360 UCF Group Report,https://www.shl.com/products/product-catalog/view/mfs-360-ucf-group-report/,N/A,Yes,No,D
MFS 360 UCF Performance Potential Dev Tips Report,https://www.shl.com/products/product-catalog/view/mfs-360-ucf-performance-potential-dev-tips-report/,N/A,Yes,No,D
MFS 360 UCF Standard Report,https://www.shl.com/products/product-catalog/view/mfs-360-ucf-standard-report/,N/A,Yes,No,D
Micro Focus Unified Functional Testing (New),https://www.shl.com/products/product-catalog/view/micro-focus-unified-functional-testing-new/,N/A,Yes,No,K
Microservices (New),https://www.shl.com/products/product-catalog/view/microservices-new/,N/A,Yes,No,K
Microsoft Dynamics Development (New),https://www.shl.com/products/product-catalog/view/microsoft-dynamics-development-new/,N/A,Yes,No,K
Microsoft Excel 365 - Essentials (New),https://www.shl.com/products/product-catalog/view/microsoft-excel-365-essentials-new/,N/A,Yes,No,"K, S"
Microsoft Excel 365 (New),https://www.shl.com/products/product-catalog/view/microsoft-excel-365-new/,N/A,Yes,No,"K, S"
Microsoft Outlook 2013 (adaptive),https://www.shl.com/products/product-catalog/view/microsoft-outlook-2013-adaptive/,N/A,Yes,Yes,K
Microsoft PowerPoint 365 - Essentials (New),https://www.shl.com/products/product-catalog/view/microsoft-powerpoint-365-essentials-new/,N/A,Yes,No,"K, S"
Microsoft SQL Server 2014 Programming,https://www.shl.com/products/product-catalog/view/microsoft-sql-server-2014-programming/,N/A,Yes,Yes,K
Microsoft Windows Server 2012 Administration,https://www.shl.com/products/product-catalog/view/microsoft-windows-server-2012-administration/,N/A,Yes,Yes,K
Microsoft Word 365 - Essentials (New),https://www.shl.com/products/product-catalog/view/microsoft-word-365-essentials-new/,N/A,Yes,No,"K, S"
Microsoft Word 365 (New),https://www.shl.com/products/product-catalog/view/microsoft-word-365-new/,N/A,Yes,No,"S, K"
Mineral Engineering (New),https://www.shl.com/products/product-catalog/view/mineral-engineering-new/,N/A,Yes,No,K
Mining Engineering (New),https://www.shl.com/products/product-catalog/view/mining-engineering-new/,N/A,Yes,No,K
Mobility (New),https://www.shl.com/products/product-catalog/view/mobility-new/,N/A,Yes,No,K
Molecular Biology (New),https://www.shl.com/products/product-catalog/view/molecular-biology-new/,N/A,Yes,No,K
MongoDB (New),https://www.shl.com/products/product-catalog/view/mongodb-new/,N/A,Yes,No,K
Motivation Questionnaire MQM5,https://www.shl.com/products/product-catalog/view/motivation-questionnaire-mqm5/,N/A,Yes,No,P
MQ Candidate Motivation Report,https://www.shl.com/products/product-catalog/view/mq-candidate-motivation-report/,N/A,Yes,No,P
MQ Employee Motivation Report,https://www.shl.com/products/product-catalog/view/mq-employee-motivation-report/,N/A,Yes,No,P
MQ Motivation Report Pack,https://www.shl.com/products/product-catalog/view/mq-motivation-report-pack/,N/A,Yes,No,P
MQ Profile,https://www.shl.com/products/product-catalog/view/mq-profile/,N/A,Yes,No,P
MS Access (New),https://www.shl.com/products/product-catalog/view/ms-access-new/,N/A,Yes,No,K
MS Excel (New),https://www.shl.com/products/product-catalog/view/ms-excel-new/,N/A,Yes,No,K
MS Office Basic Computer Literacy (New),https://www.shl.com/products/product-catalog/view/ms-office-basic-computer-literacy-new/,N/A,Yes,No,K
MS Office Basic Computer Literacy (Sim) (New),https://www.shl.com/products/product-catalog/view/ms-office-basic-computer-literacy-sim-new/,N/A,Yes,No,S
MS PowerPoint (New),https://www.shl.com/products/product-catalog/view/ms-powerpoint-new/,N/A,Yes,No,K
MS Word (New),https://www.shl.com/products/product-catalog/view/ms-word-new/,N/A,Yes,No,K
MuleSoft Development (New),https://www.shl.com/products/product-catalog/view/mulesoft-development-new/,N/A,Yes,No,K
Multitasking Ability,https://www.shl.com/products/product-catalog/view/multitasking-ability/,N/A,Yes,No,"A, K, S"
Networking and Implementation (New),https://www.shl.com/products/product-catalog/view/networking-and-implementation-new/,N/A,Yes,No,K
Node.js (New),https://www.shl.com/products/product-catalog/view/node-js-new/,N/A,Yes,No,K
Nursing (New),https://www.shl.com/products/product-catalog/view/nursing-new/,N/A,Yes,No,K
Occupational Personality Questionnaire OPQ32r,https://www.shl.com/products/product-catalog/view/occupational-personality-questionnaire-opq32r/,N/A,Yes,No,P
Operations Management (New),https://www.shl.com/products/product-catalog/view/operations-management-new/,N/A,Yes,No,K
OPQ Candidate Plus Report,https://www.shl.com/products/product-catalog/view/opq-candidate-plus-report/,N/A,Yes,No,P
OPQ Candidate Report 2.0,https://www.shl.com/products/product-catalog/view/opq-candidate-report-2-0/,N/A,Yes,No,P
OPQ Emotional Intelligence Report,https://www.shl.com/products/product-catalog/view/opq-emotional-intelligence-report/,N/A,Yes,No,P
OPQ Leadership Report,https://www.shl.com/products/product-catalog/view/opq-leadership-report/,N/A,Yes,No,P
OPQ Manager Plus Report,https://www.shl.com/products/product-catalog/view/opq-manager-plus-report/,N/A,Yes,No,P
OPQ Manager Plus Report 2.0,https://www.shl.com/products/product-catalog/view/opq-manager-plus-report-2-0/,N/A,Yes,No,P
OPQ Maximising your Learning Report,https://www.shl.com/products/product-catalog/view/opq-maximising-your-learning-report/,N/A,Yes,No,P
OPQ MQ Sales Report,https://www.shl.com/products/product-catalog/view/opq-mq-sales-report/,N/A,Yes,No,P
OPQ Premium Plus Report,https://www.shl.com/products/product-catalog/view/opq-premium-plus-report/,N/A,Yes,No,P
OPQ Premium Plus Report 2.0,https://www.shl.com/products/product-catalog/view/opq-premium-plus-report-2-0/,N/A,Yes,No,P
OPQ Profile Report,https://www.shl.com/products/product-catalog/view/opq-profile-report/,N/A,Yes,No,P
OPQ Team Impact Group Development Report,https://www.shl.com/products/product-catalog/view/opq-team-impact-group-development-report/,N/A,Yes,No,P
OPQ Team Impact Individual Development Report,https://www.shl.com/products/product-catalog/view/opq-team-impact-individual-development-report/,N/A,Yes,No,P
OPQ Team Impact Selection Report,https://www.shl.com/products/product-catalog/view/opq-team-impact-selection-report/,N/A,Yes,No,P
OPQ Team Types & Leadership Styles Profile,https://www.shl.com/products/product-catalog/view/opq-team-types-and-leadership-styles-profile/,N/A,Yes,No,P
OPQ Team Types and Leadership Styles Report,https://www.shl.com/products/product-catalog/view/opq-team-types-and-leadership-styles-report/,N/A,Yes,No,P
OPQ UCF Development Action Planner Report 1.0,https://www.shl.com/products/product-catalog/view/opq-ucf-development-action-planner-report/,N/A,Yes,No,P
OPQ UCF Development Action Planner Report 2.0,https://www.shl.com/products/product-catalog/view/opq-ucf-development-action-planner-report-2-0/,N/A,Yes,No,P
OPQ Universal Competency Report 1.0,https://www.shl.com/products/product-catalog/view/opq-universal-competency-report/,N/A,Yes,No,P
OPQ Universal Competency Report 2.0,https://www.shl.com/products/product-catalog/view/opq-universal-competency-report-2-0/,N/A,Yes,No,P
OPQ User and Managers Report,https://www.shl.com/products/product-catalog/view/opq-user-and-managers-report/,N/A,Yes,No,P
OPQ User Report,https://www.shl.com/products/product-catalog/view/opq-user-report/,N/A,Yes,No,"P, S"
Oracle DBA (Advanced Level) (New),https://www.shl.com/products/product-catalog/view/oracle-dba-advanced-level-new/,N/A,Yes,No,K
Oracle DBA (Entry Level) (New),https://www.shl.com/products/product-catalog/view/oracle-dba-entry-level-new/,N/A,Yes,No,K
Oracle PL/SQL (New),https://www.shl.com/products/product-catalog/view/oracle-plsql-new/,N/A,Yes,No,K
Oracle WebLogic Server (New),https://www.shl.com/products/product-catalog/view/oracle-weblogic-server-new/,N/A,Yes,No,K
Organic Chemistry (New),https://www.shl.com/products/product-catalog/view/organic-chemistry-new/,N/A,Yes,No,K
Paint Technology (New),https://www.shl.com/products/product-catalog/view/paint-technology-new/,N/A,Yes,No,K
Pediatrics (New),https://www.shl.com/products/product-catalog/view/pediatrics-new/,N/A,Yes,No,K
Pega Development (New),https://www.shl.com/products/product-catalog/view/pega-development-new/,N/A,Yes,No,K
Perl (New),https://www.shl.com/products/product-catalog/view/perl-new/,N/A,Yes,No,K
Petrochemical Engineering (New),https://www.shl.com/products/product-catalog/view/petrochemical-engineering-new/,N/A,Yes,No,K
Petroleum Engineering (New),https://www.shl.com/products/product-catalog/view/petroleum-engineering-new/,N/A,Yes,No,K
Pharmaceutical Analysis (New),https://www.shl.com/products/product-catalog/view/pharmaceutical-analysis-new/,N/A,Yes,No,K
Pharmaceutical Chemistry (New),https://www.shl.com/products/product-catalog/view/pharmaceutical-chemistry-new/,N/A,Yes,No,K
Pharmaceutical Science (New),https://www.shl.com/products/product-catalog/view/pharmaceutical-science-new/,N/A,Yes,No,K
Pharmaceutics (New),https://www.shl.com/products/product-catalog/view/pharmaceutics-new/,N/A,Yes,No,K
Pharmacology (New),https://www.shl.com/products/product-catalog/view/pharmacology-new/,N/A,Yes,No,K
PHP (New),https://www.shl.com/products/product-catalog/view/php-new/,N/A,Yes,No,K
PJM Development Report,https://www.shl.com/products/product-catalog/view/pjm-development-report/,N/A,Yes,No,"C, A, P"
PJM Selection Report,https://www.shl.com/products/product-catalog/view/pjm-selection-report/,N/A,Yes,No,"A, C, P"
Polymer Engineering (New),https://www.shl.com/products/product-catalog/view/polymer-engineering-new/,N/A,Yes,No,K
Power Electronics and Drives (New),https://www.shl.com/products/product-catalog/view/power-electronics-and-drives-new/,N/A,Yes,No,K
Power System Engineering (New),https://www.shl.com/products/product-catalog/view/power-system-engineering-new/,N/A,Yes,No,K
Prism (New),https://www.shl.com/products/product-catalog/view/prism-new/,N/A,Yes,No,K
Production and Industrial Engineering (New),https://www.shl.com/products/product-catalog/view/production-and-industrial-engineering-new/,N/A,Yes,No,K
Production Engineering (New),https://www.shl.com/products/product-catalog/view/production-engineering-new/,N/A,Yes,No,K
Programming Concepts,https://www.shl.com/products/product-catalog/view/programming-concepts/,N/A,Yes,Yes,K
Project Management (2013),https://www.shl.com/products/product-catalog/view/project-management-2013/,N/A,Yes,Yes,K
Proofreading v1,https://www.shl.com/products/product-catalog/view/proofreading-v1/,N/A,Yes,No,K
Python (New),https://www.shl.com/products/product-catalog/view/python-new/,N/A,Yes,No,K
R Programming (New),https://www.shl.com/products/product-catalog/view/r-programming-new/,N/A,Yes,No,K
ReactJS (New),https://www.shl.com/products/product-catalog/view/reactjs-new/,N/A,Yes,No,K
Reading Comprehension - English v1,https://www.shl.com/products/product-catalog/view/reading-comprehension-english-v1/,N/A,Yes,Yes,A
Reading Comprehension - Spanish v1,https://www.shl.com/products/product-catalog/view/reading-comprehension-spanish-v1/,N/A,Yes,Yes,A
Reading Comprehension v2,https://www.shl.com/products/product-catalog/view/reading-comprehension-v2/,N/A,Yes,Yes,A
RemoteWorkQ,https://www.shl.com/products/product-catalog/view/remoteworkq/,N/A,Yes,No,C
RemoteWorkQ Manager Report,https://www.shl.com/products/product-catalog/view/remoteworkq-manager-report/,N/A,Yes,No,C
RemoteWorkQ Participant Report,https://www.shl.com/products/product-catalog/view/remoteworkq-participant-report/,N/A,Yes,No,C
RESTful Web Services (New),https://www.shl.com/products/product-catalog/view/restful-web-services-new/,N/A,Yes,No,K
Retail Sales and Service Simulation,https://www.shl.com/products/product-catalog/view/retail-sales-and-service-simulation/,N/A,Yes,No,"B, K, S, A"
Reviewing Forms - US (R1),https://www.shl.com/products/product-catalog/view/reviewing-forms-us-r1/,N/A,Yes,No,K
Ruby (New),https://www.shl.com/products/product-catalog/view/ruby-new/,N/A,Yes,No,K
Ruby on Rails (New),https://www.shl.com/products/product-catalog/view/ruby-on-rails-new/,N/A,Yes,No,K
Sales & Service Phone Simulation,https://www.shl.com/products/product-catalog/view/sales-and-service-phone-simulation/,N/A,Yes,No,"S, B"
Sales & Service Phone Solution,https://www.shl.com/products/product-catalog/view/sales-and-service-phone-solution/,N/A,Yes,No,"B, P, S"
Sales Interview Guide,https://www.shl.com/products/product-catalog/view/sales-interview-guide/,N/A,Yes,No,"P, P"
Sales Profiler Cards,https://www.shl.com/products/product-catalog/view/sales-profiler-cards/,N/A,Yes,No,P
Sales Transformation 1.0 - Individual Contributor,https://www.shl.com/products/product-catalog/view/sales-transformation-report-individual-contributor/,N/A,Yes,No,P
Sales Transformation 2.0 - Individual Contributor,https://www.shl.com/products/product-catalog/view/salestransformationreport2-0-individualcontributor/,N/A,Yes,No,P
Sales Transformation Report 1.0 - Sales Manager,https://www.shl.com/products/product-catalog/view/sales-transformation-report-sales-manager/,N/A,Yes,No,P
Sales Transformation Report 2.0 - Sales Manager,https://www.shl.com/products/product-catalog/view/sales-transformation-report-2-0-sales-manager/,N/A,Yes,No,P
Salesforce Development (New),https://www.shl.com/products/product-catalog/view/salesforce-development-new/,N/A,Yes,No,K
SAP ABAP (Advanced Level) (New),https://www.shl.com/products/product-catalog/view/sap-abap-advanced-level-new/,N/A,Yes,No,K
SAP ABAP (Intermediate Level) (New),https://www.shl.com/products/product-catalog/view/sap-abap-intermediate-level-new/,N/A,Yes,No,K
SAP Basis (New),https://www.shl.com/products/product-catalog/view/sap-basis-new/,N/A,Yes,No,K
SAP Business Objects WebI (New),https://www.shl.com/products/product-catalog/view/sap-business-objects-webi-new/,N/A,Yes,No,K
SAP BW (Business Warehouse) (New),https://www.shl.com/products/product-catalog/view/sap-bw-business-warehouse-new/,N/A,Yes,No,K
SAP HCM (Human Capital Management) (New),https://www.shl.com/products/product-catalog/view/sap-hcm-human-capital-management-new/,N/A,Yes,No,K
SAP Hybris (New),https://www.shl.com/products/product-catalog/view/sap-hybris-new/,N/A,Yes,No,K
SAP Materials Management (New),https://www.shl.com/products/product-catalog/view/sap-materials-management-new/,N/A,Yes,No,K
SAP SD (Sales and Distribution) (New),https://www.shl.com/products/product-catalog/view/sap-sd-sales-and-distribution-new/,N/A,Yes,No,K
Search Engine Optimization (New),https://www.shl.com/products/product-catalog/view/search-engine-optimization-new/,N/A,Yes,No,K
Selenium (New),https://www.shl.com/products/product-catalog/view/selenium-new/,N/A,Yes,No,K
Shell Scripting (New),https://www.shl.com/products/product-catalog/view/shell-scripting-new/,N/A,Yes,No,K
SHL Verify Interactive - Inductive Reasoning,https://www.shl.com/products/product-catalog/view/shl-verify-interactive-inductive-reasoning/,N/A,Yes,Yes,"A, S"
SHL Verify Interactive – Deductive Reasoning,https://www.shl.com/products/product-catalog/view/shl-verify-interactive-deductive-reasoning/,N/A,Yes,Yes,"A, S"
SHL Verify Interactive – Numerical Reasoning,https://www.shl.com/products/product-catalog/view/shl-verify-interactive-numerical-reasoning/,N/A,Yes,Yes,"A, S"
SHL Verify Interactive G+,https://www.shl.com/products/product-catalog/view/shl-verify-interactive-g/,N/A,Yes,Yes,A
SHL Verify Interactive Numerical Calculation,https://www.shl.com/products/product-catalog/view/shl-verify-interactive-numerical-calculation/,N/A,Yes,Yes,A
Siebel Development (New),https://www.shl.com/products/product-catalog/view/siebel-development-new/,N/A,Yes,No,K
Smart Interview Live,https://www.shl.com/products/product-catalog/view/smart-interview-live/,N/A,Yes,No,P
Smart Interview Live Coding,https://www.shl.com/products/product-catalog/view/smart-interview-live-coding/,N/A,Yes,No,K
Smart Interview On Demand,https://www.shl.com/products/product-catalog/view/smart-interview-on-demand/,N/A,Yes,No,P
Social Media (New),https://www.shl.com/products/product-catalog/view/social-media-new/,N/A,Yes,No,K
Software Business Analysis,https://www.shl.com/products/product-catalog/view/software-business-analysis/,N/A,Yes,Yes,K
SonarQube (New),https://www.shl.com/products/product-catalog/view/sonarqube-new/,N/A,Yes,No,K
Spelling (U.S.) (New),https://www.shl.com/products/product-catalog/view/spelling-u-s-new/,N/A,Yes,No,K
Split Screen Typing Test - Form 1,https://www.shl.com/products/product-catalog/view/split-screen-typing-test-form-1/,N/A,Yes,No,"A, K"
Spring (New),https://www.shl.com/products/product-catalog/view/spring-new/,N/A,Yes,No,K
SQL (New),https://www.shl.com/products/product-catalog/view/sql-new/,N/A,Yes,No,K
SQL Server (New),https://www.shl.com/products/product-catalog/view/sql-server-new/,N/A,Yes,No,K
SQL Server Analysis Services (SSAS) (New),https://www.shl.com/products/product-catalog/view/sql-server-analysis-services-%28ssas%29-%28new%29/,N/A,Yes,No,K
SQL Server Integration Services (SSIS) (New),https://www.shl.com/products/product-catalog/view/sql-server-integration-services-ssis-new/,N/A,Yes,No,K
SQL Server Reporting Services (SSRS) (New),https://www.shl.com/products/product-catalog/view/sql-server-reporting-services-ssrs-new/,N/A,Yes,No,K
Statistical Analysis System (New),https://www.shl.com/products/product-catalog/view/statistical-analysis-system-new/,N/A,Yes,No,K
Struts (New),https://www.shl.com/products/product-catalog/view/struts-new/,N/A,Yes,No,K
SVAR - Spoken English (AUS),https://www.shl.com/products/product-catalog/view/svar-spoken-english-aus/,N/A,Yes,No,S
SVAR - Spoken English (Indian Accent)  (New),https://www.shl.com/products/product-catalog/view/svar-spoken-english-indian-accent-new/,N/A,Yes,No,S
SVAR - Spoken English (U.K.),https://www.shl.com/products/product-catalog/view/svar-spoken-english-u-k/,N/A,Yes,No,S
SVAR - Spoken English (US)  (New),https://www.shl.com/products/product-catalog/view/svar-spoken-english-us-new/,N/A,Yes,No,S
SVAR - Spoken French (Canadian) (New),https://www.shl.com/products/product-catalog/view/svar-spoken-french-canadian-new/,N/A,Yes,No,S
SVAR - Spoken French (European) (New),https://www.shl.com/products/product-catalog/view/svar-spoken-french-european-new/,N/A,Yes,No,S
SVAR - Spoken Spanish (Castilian) (New),https://www.shl.com/products/product-catalog/view/svar-spoken-spanish-castilian-new/,N/A,Yes,No,S
SVAR - Spoken Spanish (North American) (New),https://www.shl.com/products/product-catalog/view/svar-spoken-spanish-north-american-new/,N/A,Yes,No,S
Swing (New),https://www.shl.com/products/product-catalog/view/swing-new/,N/A,Yes,No,K
Tableau (New),https://www.shl.com/products/product-catalog/view/tableau-new/,N/A,Yes,No,K
Telecommunications Engineering (New),https://www.shl.com/products/product-catalog/view/telecommunications-engineering-new/,N/A,Yes,No,K
Teradata Development (New),https://www.shl.com/products/product-catalog/view/teradata-development-new/,N/A,Yes,No,K
Time Management (U.S.),https://www.shl.com/products/product-catalog/view/time-management-u-s/,N/A,Yes,Yes,K
Training Development,https://www.shl.com/products/product-catalog/view/training-development/,N/A,Yes,Yes,K
Typing (New),https://www.shl.com/products/product-catalog/view/typing-new/,N/A,Yes,No,S
UiPath RPA Development (New),https://www.shl.com/products/product-catalog/view/uipath-rpa-development-new/,N/A,Yes,No,K
Universal Competency Framework Interview Guide,https://www.shl.com/products/product-catalog/view/universal-competency-framework-interview-guide/,N/A,Yes,No,"C, P"
Universal Competency Framework Job profiling guide,https://www.shl.com/products/product-catalog/view/universal-competency-framework-job-profiling-guide/,N/A,Yes,No,"C, P"
Universal Competency Framework Profiler Cards (44),https://www.shl.com/products/product-catalog/view/universal-competency-framework-profiler-cards-44/,N/A,Yes,No,"C, P"
UNIX (New),https://www.shl.com/products/product-catalog/view/unix-new/,N/A,Yes,No,K
VB.NET (New),https://www.shl.com/products/product-catalog/view/vb-net-new/,N/A,Yes,No,K
Verify - Deductive Reasoning,https://www.shl.com/products/product-catalog/view/verify-deductive-reasoning/,N/A,Yes,Yes,A
Verify - Following Instructions,https://www.shl.com/products/product-catalog/view/verify-following-instructions/,N/A,Yes,No,A
Verify - G+,https://www.shl.com/products/product-catalog/view/verify-g/,N/A,Yes,Yes,A
Verify - General Ability Screen,https://www.shl.com/products/product-catalog/view/verify-general-ability-screen/,N/A,Yes,Yes,A
Verify - Inductive Reasoning (2014),https://www.shl.com/products/product-catalog/view/verify-inductive-reasoning-2014/,N/A,Yes,Yes,A
Verify - Numerical Ability,https://www.shl.com/products/product-catalog/view/verify-numerical-ability/,N/A,Yes,Yes,A
Verify - Technical Checking - Next Generation,https://www.shl.com/products/product-catalog/view/verify-technical-checking-next-generation/,N/A,Yes,No,A
Verify - Verbal Ability - Next Generation,https://www.shl.com/products/product-catalog/view/verify-verbal-ability-next-generation/,N/A,Yes,Yes,A
Verify - Working with Information,https://www.shl.com/products/product-catalog/view/verify-working-with-information/,N/A,Yes,No,A
Verify G+ - Ability Test Report,https://www.shl.com/products/product-catalog/view/verify-g-ability-test-report/,N/A,Yes,No,A
Verify G+ - Candidate Report,https://www.shl.com/products/product-catalog/view/verify-g-candidate-report/,N/A,Yes,No,A
Verify Interactive Ability Report,https://www.shl.com/products/product-catalog/view/verify-interactive-ability-report/,N/A,Yes,No,A
Verify Interactive G+ Candidate Report,https://www.shl.com/products/product-catalog/view/verify-interactive-g-candidate-report/,N/A,Yes,No,A
Verify Interactive G+ Report,https://www.shl.com/products/product-catalog/view/verify-interactive-g-report/,N/A,Yes,No,A
Verify Interactive Process Monitoring,https://www.shl.com/products/product-catalog/view/verify-interactive-process-monitoring/,N/A,Yes,No,A
Virtual Assessment and Development Centers,https://www.shl.com/products/product-catalog/view/virtual-assessment-and-development-centers/,N/A,Yes,No,P
Visual Basic for Applications (New),https://www.shl.com/products/product-catalog/view/visual-basic-for-applications-new/,N/A,Yes,No,K
Visual Comparison - UK,https://www.shl.com/products/product-catalog/view/visual-comparison-uk/,N/A,Yes,No,K
Visual Comparison - US,https://www.shl.com/products/product-catalog/view/visual-comparison-us/,N/A,Yes,No,K
VLSI and Embedded Systems (New),https://www.shl.com/products/product-catalog/view/vlsi-and-embedded-systems-new/,N/A,Yes,No,K
What Is The Value - US,https://www.shl.com/products/product-catalog/view/what-is-the-value-us/,N/A,Yes,Yes,K
Workplace Administration Skills (New),https://www.shl.com/products/product-catalog/view/workplace-administration-skills-new/,N/A,Yes,No,K
Workplace Health and Safety (New),https://www.shl.com/products/product-catalog/view/workplace-health-and-safety-new/,N/A,Yes,No,K
WriteX - Email Writing (Customer Service) (New),https://www.shl.com/products/product-catalog/view/writex-email-writing-customer-service-new/,N/A,Yes,No,S
WriteX - Email Writing (Managerial) (New),https://www.shl.com/products/product-catalog/view/writex-email-writing-managerial-new/,N/A,Yes,No,S
WriteX - Email Writing (Sales) (New),https://www.shl.com/products/product-catalog/view/writex-email-writing-sales-new/,N/A,Yes,No,"B, S"
Written English v1,https://www.shl.com/products/product-catalog/view/written-english-v1/,N/A,Yes,Yes,K
Written Spanish,https://www.shl.com/products/product-catalog/view/written-spanish/,N/A,Yes,Yes,K
Zabbix (New),https://www.shl.com/products/product-catalog/view/zabbix-new/,N/A,Yes,No,K
360 Digital Report,https://www.shl.com/products/product-catalog/view/360-digital-report/,N/A,Yes,No,D
360° Multi-Rater Feedback System (MFS),https://www.shl.com/products/product-catalog/view/360-multi-rater-feedback-system-mfs/,N/A,Yes,No,"D, P"
